warehouseCode,warehouseName,productCode,productName,quantityInStock,reducedStock,totalSales,salesMonth,monthlySales,customerCountry,avgSellingPrice,buyPrice,profitMargin
b,East,S18_3233,"1985 Toyota Supra",7733,7346,NULL,NULL,NULL,NULL,NULL,57.01,NULL
b,East,S10_1949,"1952 Alpine Renault 1300",7305,6940,26,2003-01,26,Norway,214.300000,98.58,115.720000
b,East,S10_4962,"1962 LanciaA Delta 16V",6791,6451,42,2003-01,42,Norway,119.670000,103.42,16.250000
b,East,S12_3148,"1969 Corvair Monza",6906,6561,34,2003-01,34,Spain,131.440000,89.14,42.300000
b,East,S18_2238,"1998 Chrysler Plymouth Prowler",4724,4488,24,2003-01,24,Spain,135.900000,101.51,34.390000
b,East,S18_3232,"1992 Ferrari 360 Spider red",8347,7930,23,2003-01,23,Spain,165.950000,77.90,88.050000
b,East,S18_4027,"1970 Triumph Spitfire",5545,5268,38,2003-01,38,Spain,119.200000,91.92,27.280000
b,East,S24_1444,"1970 Dodge Coronet",4074,3870,35,2003-01,35,Spain,52.020000,32.37,19.650000
b,East,S24_2840,"1958 Chevy Corvette Limited Edition",2542,2415,44,2003-01,44,Spain,30.410000,15.91,14.500000
b,East,S24_4048,"1992 Porsche Cayenne Turbo Silver",6582,6253,26,2003-01,26,Spain,106.450000,69.78,36.670000
b,East,S700_2824,"1982 Camaro Z28",6934,6587,42,2003-01,42,Norway,94.070000,46.53,47.540000
c,West,S18_1342,"1937 Lincoln Berline",8693,8258,39,2003-01,39,USA,95.550000,60.62,34.930000
c,West,S18_1367,"1936 Mercedes-Benz 500K Special Roadster",8635,8203,41,2003-01,41,USA,43.130000,24.26,18.870000
c,West,S18_1749,"1917 Grand Touring Sedan",2724,2588,30,2003-01,30,USA,136.000000,86.70,49.300000
c,West,S18_2248,"1911 Ford Town Car",540,513,50,2003-01,50,USA,55.090000,33.30,21.790000
c,West,S18_2325,"1932 Model A Ford J-Coupe",9354,8886,25,2003-01,25,Germany,108.060000,58.48,49.580000
c,West,S18_2795,"1928 Mercedes-Benz SSK",548,521,26,2003-01,26,Germany,167.060000,72.56,94.500000
c,West,S18_2949,"1913 Ford Model T Speedster",4189,3980,27,2003-01,27,Norway,92.190000,60.78,31.410000
c,West,S18_2957,"1934 Ford V8 Coupe",5649,5367,35,2003-01,35,Norway,61.840000,34.35,27.490000
c,West,S18_3136,"18th Century Vintage Horse Carriage",5992,5692,25,2003-01,25,Norway,86.920000,60.74,26.180000
c,West,S18_3320,"1917 Maxwell Touring Car",7913,7517,46,2003-01,46,Norway,86.310000,57.54,28.770000
c,West,S18_4409,"1932 Alfa Romeo 8C2300 Spider Sport",6553,6225,22,2003-01,22,USA,75.460000,43.26,32.200000
c,West,S18_4668,"1939 Cadillac Limousine",6645,6313,41,2003-01,41,Norway,40.750000,23.14,17.610000
c,West,S24_1937,"1939 Chevrolet Deluxe Coupe",7332,6965,45,2003-01,45,Germany,32.530000,22.57,9.960000
c,West,S24_2022,"1938 Cadillac V-16 Presidential Limousine",2847,2705,46,2003-01,46,Germany,44.350000,20.61,23.740000
c,West,S24_3969,"1936 Mercedes Benz 500k Roadster",2081,1977,49,2003-01,49,USA,35.290000,21.75,13.540000
c,West,S24_4258,"1936 Chrysler Airflow",4710,4475,25,2003-01,25,Norway,88.620000,57.46,31.160000
d,South,S12_1666,"1958 Setra Bus",1579,1500,27,2003-01,27,Norway,121.640000,77.90,43.740000
d,South,S12_4473,"1957 Chevy Pickup",6125,5819,41,2003-01,41,Spain,111.390000,55.70,55.690000
d,South,S18_1097,"1940 Ford Pickup Truck",2613,2482,35,2003-01,35,Norway,94.500000,58.33,36.170000
d,South,S18_2319,"1964 Mercedes Tour Bus",8258,7845,29,2003-01,29,Spain,122.730000,74.86,47.870000
d,South,S18_2432,"1926 Ford Fire Engine",2018,1917,22,2003-01,22,Norway,58.340000,24.92,33.420000
d,South,S18_4600,"1940s Ford truck",3128,2972,36,2003-01,36,Norway,98.070000,84.76,13.310000
d,South,S24_2300,"1962 Volkswagen Microbus",2327,2211,36,2003-01,36,Norway,107.340000,61.34,46.000000
d,South,S32_1268,"1980’s GM Manhattan Express",5099,4844,31,2003-01,31,Norway,92.460000,53.93,38.530000
d,South,S32_2509,"1954 Greyhound Scenicruiser",2874,2730,35,2003-01,35,Spain,51.950000,25.98,25.970000
d,South,S32_3207,"1950's Chicago Surface Lines Streetcar",8601,8171,49,2003-01,49,Spain,56.550000,26.72,29.830000
d,South,S32_3522,"1996 Peterbilt 379 Stake Bed with Outrigger",814,773,45,2003-01,45,Norway,63.350000,33.61,29.740000
d,South,S50_1392,"Diamond T620 Semi-Skirted Tanker",1016,965,33,2003-01,33,Spain,114.590000,68.29,46.300000
d,South,S50_1514,"1962 City of Detroit Streetcar",1645,1563,32,2003-01,32,Spain,53.310000,37.49,15.820000
a,North,S10_1678,"1969 Harley Davidson Ultimate Chopper",7933,7536,30,2003-02,30,USA,81.350000,48.81,32.540000
a,North,S10_2016,"1996 Moto Guzzi 1100i",6625,6294,39,2003-02,39,USA,105.860000,68.99,36.870000
a,North,S10_4698,"2003 Harley-Davidson Eagle Drag Bike",5582,5303,27,2003-02,27,USA,172.360000,91.02,81.340000
a,North,S12_2823,"2002 Suzuki XREO",9997,9497,21,2003-02,21,USA,122.000000,66.27,55.730000
a,North,S18_1662,"1980s Black Hawk Helicopter",5330,5064,36,2003-02,36,Italy,134.040000,77.27,56.770000
a,North,S18_2581,"P-51-D Mustang",992,942,34,2003-02,34,Italy,81.100000,49.00,32.100000
a,North,S18_2625,"1936 Harley Davidson El Knucklehead",4357,4139,29,2003-02,29,USA,52.700000,24.23,28.470000
a,North,S24_1578,"1997 BMW R 1100 S",7003,6653,25,2003-02,25,USA,96.920000,60.86,36.060000
a,North,S24_1785,"1928 British Royal Navy Airplane",3627,3446,28,2003-02,28,Italy,107.230000,66.74,40.490000
a,North,S24_2000,"1960 BSA Gold Star DBD34",15,14,38,2003-02,38,USA,73.120000,37.32,35.800000
a,North,S24_2841,"1900s Vintage Bi-Plane",5942,5645,49,2003-02,49,Italy,65.770000,34.25,31.520000
a,North,S24_3949,"Corsair F4U ( Bird Cage)",6812,6471,50,2003-02,50,Italy,55.960000,29.34,26.620000
a,North,S24_4278,"1900s Vintage Tri-Plane",2756,2618,26,2003-02,26,Italy,71.000000,36.23,34.770000
a,North,S32_1374,"1997 BMW F650 ST",178,169,20,2003-02,20,USA,88.900000,66.92,21.980000
a,North,S700_1691,"American Airlines: B767-300",5841,5549,31,2003-02,31,Italy,91.340000,51.15,40.190000
a,North,S700_2466,"America West Airlines B757-200",9653,9170,34,2003-02,34,Italy,99.720000,68.80,30.920000
a,North,S700_2834,"ATA: B757-300",7106,6751,32,2003-02,32,Italy,113.900000,59.33,54.570000
a,North,S700_3167,"F/A 18 Hornet 1/72",551,523,44,2003-02,44,Italy,76.000000,54.40,21.600000
a,North,S700_4002,"American Airlines: MD-11S",8820,8379,48,2003-02,48,Italy,70.330000,36.27,34.060000
a,North,S72_1253,"Boeing X-32A JSF",4857,4614,48,2003-02,48,Italy,43.700000,32.77,10.930000
b,East,S10_4757,"1972 Alfa Romeo GTA",3252,3089,50,2003-02,50,Denmark,127.840000,85.68,42.160000
b,East,S12_1108,"2001 Ferrari Enzo",3619,3438,41,2003-02,41,Denmark,205.720000,95.59,110.130000
b,East,S12_3891,"1969 Ford Falcon",1049,997,29,2003-02,29,Denmark,141.880000,83.05,58.830000
c,West,S18_3140,"1903 Ford Model A",3913,3717,22,2003-02,22,Denmark,136.590000,68.30,68.290000
c,West,S18_3856,"1941 Chevrolet Special Deluxe Cabriolet",2378,2259,41,2003-02,41,Italy,94.220000,64.58,29.640000
c,West,S18_4522,"1904 Buick Runabout",8290,7876,41,2003-02,41,Denmark,75.480000,52.66,22.820000
c,West,S24_3151,"1912 Ford Model T Delivery Wagon",9173,8714,44,2003-02,44,Denmark,73.460000,46.91,26.550000
c,West,S24_3420,"1937 Horch 930V Limousine",2902,2757,31,2003-02,31,Italy,55.890000,26.30,29.590000
c,West,S24_3816,"1940 Ford Delivery Sedan",6621,6290,50,2003-02,50,Denmark,75.470000,48.64,26.830000
c,West,S32_4289,"1928 Ford Phaeton Deluxe",136,129,33,2003-02,33,Italy,65.350000,33.02,32.330000
c,West,S50_1341,"1930 Buick Marquette Phaeton",7062,6709,39,2003-02,39,Italy,35.780000,27.06,8.720000
d,South,S18_3029,"1999 Yamaha Speed Boat",4259,4046,41,2003-02,41,Italy,80.860000,51.61,29.250000
d,South,S18_3259,"Collectable Wooden Train",6450,6128,38,2003-02,38,Denmark,87.730000,67.56,20.170000
d,South,S24_2011,"18th century schooner",1898,1803,43,2003-02,43,Denmark,117.970000,82.34,35.630000
d,South,S700_1138,"The Schooner Bluenose",1897,1802,41,2003-02,41,Denmark,54.000000,34.00,20.000000
d,South,S700_1938,"The Mayflower",737,700,29,2003-02,29,Denmark,86.610000,43.30,43.310000
d,South,S700_2047,"HMS Bounty",3501,3326,30,2003-02,30,Italy,85.090000,39.83,45.260000
d,South,S700_2610,"The USS Constitution Ship",7083,6729,31,2003-02,31,Denmark,60.720000,33.97,26.750000
d,South,S700_3505,"The Titanic",1956,1858,39,2003-02,39,Denmark,92.160000,51.09,41.070000
d,South,S700_3962,"The Queen Mary",5088,4834,22,2003-02,22,Denmark,99.310000,53.63,45.680000
d,South,S72_3212,"Pont Yacht",414,393,25,2003-02,25,Denmark,44.770000,33.30,11.470000
a,North,S18_3782,"1957 Vespa GS150",7689,7305,43,2003-03,43,Philippines,52.840000,32.95,19.890000
a,North,S24_2360,"1982 Ducati 900 Monster",6840,6498,35,2003-03,35,Philippines,64.410000,47.10,17.310000
a,North,S32_2206,"1982 Ducati 996 R",9241,8779,27,2003-03,27,Philippines,36.210000,24.14,12.070000
a,North,S32_4485,"1974 Ducati 350 Mk3 Desmo",3341,3174,31,2003-03,31,Philippines,87.760000,56.13,31.630000
a,North,S50_4713,"2002 Yamaha YZR M1",600,570,34,2003-03,34,Philippines,74.850000,34.17,40.680000
b,East,S10_1949,"1952 Alpine Renault 1300",7305,6940,29,2003-03,29,Sweden,197.160000,98.58,98.580000
b,East,S12_1099,"1968 Ford Mustang",68,65,33,2003-03,33,Philippines,165.380000,95.34,70.040000
b,East,S12_3380,"1968 Dodge Charger",9123,8667,45,2003-03,45,Philippines,96.300000,75.16,21.140000
b,East,S12_3990,"1970 Plymouth Hemi Cuda",5663,5380,39,2003-03,39,Philippines,75.810000,31.92,43.890000
b,East,S12_4675,"1969 Dodge Charger",7323,6957,36,2003-03,36,Philippines,107.100000,58.73,48.370000
b,East,S18_1129,"1993 Mazda RX-7",3975,3776,26,2003-03,26,USA,117.480000,83.51,33.970000
b,East,S18_1589,"1965 Aston Martin DB5",9042,8590,37,2003-03,37,UK,118.220000,65.96,52.260000
b,East,S18_1889,"1948 Porsche 356-A Roadster",8826,8385,38,2003-03,38,Philippines,67.760000,53.90,13.860000
b,East,S18_1984,"1995 Honda Civic",9772,9283,38,2003-03,38,USA,137.980000,93.89,44.090000
b,East,S18_2870,"1999 Indy 500 Monte Carlo SS",8164,7756,26,2003-03,26,USA,126.720000,56.76,69.960000
b,East,S18_3232,"1992 Ferrari 360 Spider red",8347,7930,46,2003-03,46,USA,160.870000,77.90,82.970000
b,East,S18_3278,"1969 Dodge Super Bee",1917,1821,26,2003-03,26,Philippines,73.170000,49.05,24.120000
b,East,S18_3482,"1976 Ford Gran Torino",9127,8671,29,2003-03,29,Philippines,132.290000,73.49,58.800000
b,East,S18_3685,"1948 Porsche Type 356 Roadster",8990,8541,47,2003-03,47,USA,125.740000,62.16,63.580000
b,East,S18_4721,"1957 Corvette Convertible",1249,1187,44,2003-03,44,Philippines,139.870000,69.93,69.940000
b,East,S18_4933,"1957 Ford Thunderbird",3209,3049,42,2003-03,42,UK,62.000000,34.21,27.790000
b,East,S24_1046,"1970 Chevy Chevelle SS 454",1005,955,36,2003-03,36,UK,72.020000,49.24,22.780000
b,East,S24_1628,"1966 Shelby Cobra 427 S/C",8197,7787,29,2003-03,29,UK,43.270000,29.18,14.090000
b,East,S24_2766,"1949 Jaguar XK 120",2350,2233,43,2003-03,43,UK,82.690000,47.25,35.440000
b,East,S24_2887,"1952 Citroen-15CV",1452,1379,46,2003-03,46,UK,112.740000,72.82,39.920000
b,East,S24_2972,"1982 Lamborghini Diablo",7723,7337,29,2003-03,29,USA,32.100000,16.24,15.860000
b,East,S24_3191,"1969 Chevrolet Camaro Z28",4695,4460,27,2003-03,27,UK,80.470000,50.51,29.960000
b,East,S24_3371,"1971 Alpine Renault 1600s",7995,7595,30,2003-03,30,Philippines,60.010000,38.58,21.430000
b,East,S24_3432,"2002 Chevy Corvette",9446,8974,37,2003-03,37,UK,96.370000,62.11,34.260000
b,East,S24_3856,"1956 Porsche 356A Coupe",6600,6270,40,2003-03,40,Philippines,132.000000,98.30,33.700000
b,East,S24_4620,"1961 Chevrolet Impala",7869,7476,31,2003-03,31,Philippines,67.100000,32.33,34.770000
c,West,S18_1342,"1937 Lincoln Berline",8693,8258,33,2003-03,33,USA,87.330000,60.62,26.710000
c,West,S18_1367,"1936 Mercedes-Benz 500K Special Roadster",8635,8203,48,2003-03,48,USA,48.520000,24.26,24.260000
c,West,S18_1749,"1917 Grand Touring Sedan",2724,2588,42,2003-03,42,UK,153.000000,86.70,66.300000
c,West,S18_2248,"1911 Ford Town Car",540,513,32,2003-03,32,UK,51.460000,33.30,18.160000
c,West,S18_2325,"1932 Model A Ford J-Coupe",9354,8886,33,2003-03,33,UK,115.690000,58.48,57.210000
c,West,S18_2795,"1928 Mercedes-Benz SSK",548,521,31,2003-03,31,UK,163.690000,72.56,91.130000
c,West,S18_2949,"1913 Ford Model T Speedster",4189,3980,23,2003-03,23,Sweden,85.100000,60.78,24.320000
c,West,S18_2957,"1934 Ford V8 Coupe",5649,5367,28,2003-03,28,USA,53.090000,34.35,18.740000
c,West,S18_3136,"18th Century Vintage Horse Carriage",5992,5692,43,2003-03,43,USA,94.250000,60.74,33.510000
c,West,S18_3320,"1917 Maxwell Touring Car",7913,7517,39,2003-03,39,USA,91.270000,57.54,33.730000
c,West,S18_4409,"1932 Alfa Romeo 8C2300 Spider Sport",6553,6225,28,2003-03,28,UK,81.910000,43.26,38.650000
c,West,S18_4668,"1939 Cadillac Limousine",6645,6313,50,2003-03,50,USA,43.270000,23.14,20.130000
c,West,S24_1937,"1939 Chevrolet Deluxe Coupe",7332,6965,20,2003-03,20,UK,28.880000,22.57,6.310000
c,West,S24_2022,"1938 Cadillac V-16 Presidential Limousine",2847,2705,39,2003-03,39,UK,40.770000,20.61,20.160000
c,West,S24_3969,"1936 Mercedes Benz 500k Roadster",2081,1977,48,2003-03,48,UK,35.290000,21.75,13.540000
c,West,S24_4258,"1936 Chrysler Airflow",4710,4475,26,2003-03,26,USA,85.700000,57.46,28.240000
d,South,S12_1666,"1958 Setra Bus",1579,1500,21,2003-03,21,USA,121.640000,77.90,43.740000
d,South,S18_1097,"1940 Ford Pickup Truck",2613,2482,49,2003-03,49,USA,101.500000,58.33,43.170000
d,South,S32_3522,"1996 Peterbilt 379 Stake Bed with Outrigger",814,773,23,2003-03,23,USA,58.820000,33.61,25.210000
a,North,S10_2016,"1996 Moto Guzzi 1100i",6625,6294,29,2003-04,29,Australia,118.940000,68.99,49.950000
a,North,S10_4698,"2003 Harley-Davidson Eagle Drag Bike",5582,5303,46,2003-04,46,Australia,158.800000,91.02,67.780000
a,North,S18_1662,"1980s Black Hawk Helicopter",5330,5064,43,2003-04,43,Austria,151.380000,77.27,74.110000
a,North,S18_2581,"P-51-D Mustang",992,942,29,2003-04,29,Australia,82.790000,49.00,33.790000
a,North,S18_2625,"1936 Harley Davidson El Knucklehead",4357,4139,46,2003-04,46,Australia,57.540000,24.23,33.310000
a,North,S24_1578,"1997 BMW R 1100 S",7003,6653,35,2003-04,35,Australia,110.450000,60.86,49.590000
a,North,S24_1785,"1928 British Royal Navy Airplane",3627,3446,39,2003-04,39,Australia,93.010000,66.74,26.270000
a,North,S24_2000,"1960 BSA Gold Star DBD34",15,14,34,2003-04,34,Australia,72.360000,37.32,35.040000
a,North,S24_2841,"1900s Vintage Bi-Plane",5942,5645,41,2003-04,41,Austria,64.400000,34.25,30.150000
a,North,S24_3949,"Corsair F4U ( Bird Cage)",6812,6471,28,2003-04,28,Austria,62.100000,29.34,32.760000
a,North,S24_4278,"1900s Vintage Tri-Plane",2756,2618,29,2003-04,29,Australia,71.730000,36.23,35.500000
a,North,S32_1374,"1997 BMW F650 ST",178,169,22,2003-04,22,Australia,94.900000,66.92,27.980000
a,North,S700_1691,"American Airlines: B767-300",5841,5549,47,2003-04,47,Australia,91.340000,51.15,40.190000
a,North,S700_2466,"America West Airlines B757-200",9653,9170,24,2003-04,24,Australia,81.770000,68.80,12.970000
a,North,S700_2834,"ATA: B757-300",7106,6751,24,2003-04,24,Australia,106.790000,59.33,47.460000
a,North,S700_3167,"F/A 18 Hornet 1/72",551,523,43,2003-04,43,Australia,72.000000,54.40,17.600000
a,North,S700_4002,"American Airlines: MD-11S",8820,8379,26,2003-04,26,Austria,63.670000,36.27,27.400000
a,North,S72_1253,"Boeing X-32A JSF",4857,4614,28,2003-04,28,Austria,40.220000,32.77,7.450000
b,East,S10_4757,"1972 Alfa Romeo GTA",3252,3089,46,2003-04,46,Austria,112.880000,85.68,27.200000
b,East,S10_4962,"1962 LanciaA Delta 16V",6791,6451,31,2003-04,31,France,128.530000,103.42,25.110000
b,East,S12_1108,"2001 Ferrari Enzo",3619,3438,33,2003-04,33,Singapore,195.330000,95.59,99.740000
b,East,S12_3148,"1969 Corvair Monza",6906,6561,43,2003-04,43,Singapore,148.060000,89.14,58.920000
b,East,S12_3891,"1969 Ford Falcon",1049,997,39,2003-04,39,Singapore,173.020000,83.05,89.970000
b,East,S18_2238,"1998 Chrysler Plymouth Prowler",4724,4488,46,2003-04,46,USA,140.810000,101.51,39.300000
b,East,S18_3232,"1992 Ferrari 360 Spider red",8347,7930,48,2003-04,48,France,169.340000,77.90,91.440000
b,East,S18_4027,"1970 Triumph Spitfire",5545,5268,22,2003-04,22,Singapore,122.080000,91.92,30.160000
b,East,S24_1444,"1970 Dodge Coronet",4074,3870,47,2003-04,47,USA,56.640000,32.37,24.270000
b,East,S24_2840,"1958 Chevy Corvette Limited Edition",2542,2415,24,2003-04,24,France,28.640000,15.91,12.730000
b,East,S24_4048,"1992 Porsche Cayenne Turbo Silver",6582,6253,44,2003-04,44,USA,106.450000,69.78,36.670000
b,East,S700_2824,"1982 Camaro Z28",6934,6587,42,2003-04,42,France,82.940000,46.53,36.410000
c,West,S18_3140,"1903 Ford Model A",3913,3717,26,2003-04,26,Singapore,121.570000,68.30,53.270000
c,West,S18_3856,"1941 Chevrolet Special Deluxe Cabriolet",2378,2259,27,2003-04,27,Austria,95.280000,64.58,30.700000
c,West,S18_4522,"1904 Buick Runabout",8290,7876,23,2003-04,23,Singapore,73.730000,52.66,21.070000
c,West,S24_3151,"1912 Ford Model T Delivery Wagon",9173,8714,35,2003-04,35,Austria,72.580000,46.91,25.670000
c,West,S24_3420,"1937 Horch 930V Limousine",2902,2757,20,2003-04,20,Austria,63.120000,26.30,36.820000
c,West,S24_3816,"1940 Ford Delivery Sedan",6621,6290,35,2003-04,35,Austria,82.180000,48.64,33.540000
c,West,S32_4289,"1928 Ford Phaeton Deluxe",136,129,29,2003-04,29,Australia,68.790000,33.02,35.770000
c,West,S50_1341,"1930 Buick Marquette Phaeton",7062,6709,49,2003-04,49,Australia,41.460000,27.06,14.400000
d,South,S12_4473,"1957 Chevy Pickup",6125,5819,46,2003-04,46,USA,111.390000,55.70,55.690000
d,South,S18_2319,"1964 Mercedes Tour Bus",8258,7845,39,2003-04,39,France,106.780000,74.86,31.920000
d,South,S18_2432,"1926 Ford Fire Engine",2018,1917,45,2003-04,45,France,53.480000,24.92,28.560000
d,South,S18_3029,"1999 Yamaha Speed Boat",4259,4046,21,2003-04,21,Austria,74.840000,51.61,23.230000
d,South,S18_3259,"Collectable Wooden Train",6450,6128,21,2003-04,21,Singapore,81.680000,67.56,14.120000
d,South,S18_4600,"1940s Ford truck",3128,2972,41,2003-04,41,France,105.340000,84.76,20.580000
d,South,S24_2011,"18th century schooner",1898,1803,41,2003-04,41,Singapore,119.200000,82.34,36.860000
d,South,S24_2300,"1962 Volkswagen Microbus",2327,2211,21,2003-04,21,France,102.230000,61.34,40.890000
d,South,S32_1268,"1980’s GM Manhattan Express",5099,4844,32,2003-04,32,France,88.610000,53.93,34.680000
d,South,S32_2509,"1954 Greyhound Scenicruiser",2874,2730,28,2003-04,28,France,43.830000,25.98,17.850000
d,South,S32_3207,"1950's Chicago Surface Lines Streetcar",8601,8171,27,2003-04,27,Belgium,60.280000,26.72,33.560000
d,South,S50_1392,"Diamond T620 Semi-Skirted Tanker",1016,965,27,2003-04,27,USA,100.700000,68.29,32.410000
d,South,S50_1514,"1962 City of Detroit Streetcar",1645,1563,21,2003-04,21,Singapore,55.650000,37.49,18.160000
d,South,S700_1138,"The Schooner Bluenose",1897,1802,25,2003-04,25,Austria,57.340000,34.00,23.340000
d,South,S700_1938,"The Mayflower",737,700,38,2003-04,38,Singapore,75.350000,43.30,32.050000
d,South,S700_2047,"HMS Bounty",3501,3326,29,2003-04,29,Austria,74.230000,39.83,34.400000
d,South,S700_2610,"The USS Constitution Ship",7083,6729,38,2003-04,38,Austria,67.220000,33.97,33.250000
d,South,S700_3505,"The Titanic",1956,1858,36,2003-04,36,Spain,86.150000,51.09,35.060000
d,South,S700_3962,"The Queen Mary",5088,4834,45,2003-04,45,Singapore,89.380000,53.63,35.750000
d,South,S72_3212,"Pont Yacht",414,393,50,2003-04,50,Singapore,52.420000,33.30,19.120000
a,North,S10_1678,"1969 Harley Davidson Ultimate Chopper",7933,7536,34,2003-05,34,France,86.130000,48.81,37.320000
a,North,S12_2823,"2002 Suzuki XREO",9997,9497,50,2003-05,50,France,126.520000,66.27,60.250000
a,North,S18_3782,"1957 Vespa GS150",7689,7305,35,2003-05,35,France,59.060000,32.95,26.110000
a,North,S24_2360,"1982 Ducati 900 Monster",6840,6498,32,2003-05,32,France,58.180000,47.10,11.080000
a,North,S32_2206,"1982 Ducati 996 R",9241,8779,31,2003-05,31,France,33.790000,24.14,9.650000
a,North,S32_4485,"1974 Ducati 350 Mk3 Desmo",3341,3174,25,2003-05,25,France,95.930000,56.13,39.800000
a,North,S50_4713,"2002 Yamaha YZR M1",600,570,44,2003-05,44,France,72.410000,34.17,38.240000
b,East,S10_1949,"1952 Alpine Renault 1300",7305,6940,38,2003-05,38,Spain,205.730000,98.58,107.150000
b,East,S10_4962,"1962 LanciaA Delta 16V",6791,6451,22,2003-05,22,Spain,122.620000,103.42,19.200000
b,East,S12_1099,"1968 Ford Mustang",68,65,42,2003-05,42,France,155.660000,95.34,60.320000
b,East,S12_3380,"1968 Dodge Charger",9123,8667,37,2003-05,37,France,113.920000,75.16,38.760000
b,East,S12_3990,"1970 Plymouth Hemi Cuda",5663,5380,32,2003-05,32,France,65.440000,31.92,33.520000
b,East,S12_4675,"1969 Dodge Charger",7323,6957,20,2003-05,20,France,104.800000,58.73,46.070000
b,East,S18_1129,"1993 Mazda RX-7",3975,3776,34,2003-05,34,France,114.650000,83.51,31.140000
b,East,S18_1589,"1965 Aston Martin DB5",9042,8590,26,2003-05,26,France,120.710000,65.96,54.750000
b,East,S18_1889,"1948 Porsche 356-A Roadster",8826,8385,43,2003-05,43,France,62.370000,53.90,8.470000
b,East,S18_1984,"1995 Honda Civic",9772,9283,31,2003-05,31,France,113.800000,93.89,19.910000
b,East,S18_2870,"1999 Indy 500 Monte Carlo SS",8164,7756,46,2003-05,46,France,114.840000,56.76,58.080000
b,East,S18_3232,"1992 Ferrari 360 Spider red",8347,7930,25,2003-05,25,France,137.170000,77.90,59.270000
b,East,S18_3278,"1969 Dodge Super Bee",1917,1821,21,2003-05,21,France,69.150000,49.05,20.100000
b,East,S18_3482,"1976 Ford Gran Torino",9127,8671,21,2003-05,21,France,133.760000,73.49,60.270000
b,East,S18_3685,"1948 Porsche Type 356 Roadster",8990,8541,34,2003-05,34,France,117.260000,62.16,55.100000
b,East,S18_4721,"1957 Corvette Convertible",1249,1187,28,2003-05,28,France,145.820000,69.93,75.890000
b,East,S18_4933,"1957 Ford Thunderbird",3209,3049,23,2003-05,23,USA,66.280000,34.21,32.070000
b,East,S24_1046,"1970 Chevy Chevelle SS 454",1005,955,22,2003-05,22,USA,62.470000,49.24,13.230000
b,East,S24_1628,"1966 Shelby Cobra 427 S/C",8197,7787,50,2003-05,50,France,43.270000,29.18,14.090000
b,East,S24_2766,"1949 Jaguar XK 120",2350,2233,32,2003-05,32,USA,74.510000,47.25,27.260000
b,East,S24_2887,"1952 Citroen-15CV",1452,1379,25,2003-05,25,USA,93.950000,72.82,21.130000
b,East,S24_2972,"1982 Lamborghini Diablo",7723,7337,39,2003-05,39,France,34.740000,16.24,18.500000
b,East,S24_3191,"1969 Chevrolet Camaro Z28",4695,4460,49,2003-05,49,USA,76.190000,50.51,25.680000
b,East,S24_3371,"1971 Alpine Renault 1600s",7995,7595,34,2003-05,34,France,50.820000,38.58,12.240000
b,East,S24_3432,"2002 Chevy Corvette",9446,8974,43,2003-05,43,USA,101.730000,62.11,39.620000
b,East,S24_3856,"1956 Porsche 356A Coupe",6600,6270,43,2003-05,43,France,136.220000,98.30,37.920000
b,East,S24_4620,"1961 Chevrolet Impala",7869,7476,29,2003-05,29,France,67.100000,32.33,34.770000
b,East,S700_2824,"1982 Camaro Z28",6934,6587,45,2003-05,45,Spain,97.100000,46.53,50.570000
c,West,S18_1342,"1937 Lincoln Berline",8693,8258,32,2003-05,32,Australia,89.380000,60.62,28.760000
c,West,S18_1367,"1936 Mercedes-Benz 500K Special Roadster",8635,8203,42,2003-05,42,Spain,51.210000,24.26,26.950000
c,West,S18_1749,"1917 Grand Touring Sedan",2724,2588,21,2003-05,21,USA,153.000000,86.70,66.300000
c,West,S18_2248,"1911 Ford Town Car",540,513,42,2003-05,42,USA,58.120000,33.30,24.820000
c,West,S18_2325,"1932 Model A Ford J-Coupe",9354,8886,42,2003-05,42,USA,111.870000,58.48,53.390000
c,West,S18_2795,"1928 Mercedes-Benz SSK",548,521,34,2003-05,34,Australia,138.380000,72.56,65.820000
c,West,S18_2949,"1913 Ford Model T Speedster",4189,3980,31,2003-05,31,Spain,93.210000,60.78,32.430000
c,West,S18_2957,"1934 Ford V8 Coupe",5649,5367,46,2003-05,46,Spain,61.840000,34.35,27.490000
c,West,S18_3136,"18th Century Vintage Horse Carriage",5992,5692,30,2003-05,30,Spain,93.200000,60.74,32.460000
c,West,S18_3320,"1917 Maxwell Touring Car",7913,7517,38,2003-05,38,Spain,94.250000,57.54,36.710000
c,West,S18_4409,"1932 Alfa Romeo 8C2300 Spider Sport",6553,6225,36,2003-05,36,USA,75.460000,43.26,32.200000
c,West,S18_4668,"1939 Cadillac Limousine",6645,6313,43,2003-05,43,Spain,47.290000,23.14,24.150000
c,West,S24_1937,"1939 Chevrolet Deluxe Coupe",7332,6965,45,2003-05,45,USA,30.530000,22.57,7.960000
c,West,S24_2022,"1938 Cadillac V-16 Presidential Limousine",2847,2705,22,2003-05,22,USA,36.290000,20.61,15.680000
c,West,S24_3969,"1936 Mercedes Benz 500k Roadster",2081,1977,46,2003-05,46,USA,36.110000,21.75,14.360000
c,West,S24_4258,"1936 Chrysler Airflow",4710,4475,34,2003-05,34,Spain,83.760000,57.46,26.300000
d,South,S12_1666,"1958 Setra Bus",1579,1500,21,2003-05,21,Spain,135.300000,77.90,57.400000
d,South,S18_1097,"1940 Ford Pickup Truck",2613,2482,38,2003-05,38,Spain,116.670000,58.33,58.340000
d,South,S18_2432,"1926 Ford Fire Engine",2018,1917,43,2003-05,43,Spain,51.050000,24.92,26.130000
d,South,S18_4600,"1940s Ford truck",3128,2972,50,2003-05,50,Spain,102.920000,84.76,18.160000
d,South,S24_2300,"1962 Volkswagen Microbus",2327,2211,27,2003-05,27,Spain,122.680000,61.34,61.340000
d,South,S32_1268,"1980’s GM Manhattan Express",5099,4844,43,2003-05,43,Spain,82.830000,53.93,28.900000
d,South,S32_3522,"1996 Peterbilt 379 Stake Bed with Outrigger",814,773,26,2003-05,26,Spain,62.050000,33.61,28.440000
a,North,S18_1662,"1980s Black Hawk Helicopter",5330,5064,21,2003-06,21,USA,141.920000,77.27,64.650000
a,North,S18_2581,"P-51-D Mustang",992,942,49,2003-06,49,Spain,80.260000,49.00,31.260000
a,North,S24_1785,"1928 British Royal Navy Airplane",3627,3446,41,2003-06,41,Spain,109.420000,66.74,42.680000
a,North,S24_2841,"1900s Vintage Bi-Plane",5942,5645,35,2003-06,35,USA,60.970000,34.25,26.720000
a,North,S24_3949,"Corsair F4U ( Bird Cage)",6812,6471,50,2003-06,50,USA,54.590000,29.34,25.250000
a,North,S24_4278,"1900s Vintage Tri-Plane",2756,2618,46,2003-06,46,Spain,61.580000,36.23,25.350000
a,North,S32_1374,"1997 BMW F650 ST",178,169,23,2003-06,23,Spain,80.910000,66.92,13.990000
a,North,S700_1691,"American Airlines: B767-300",5841,5549,24,2003-06,24,Spain,76.730000,51.15,25.580000
a,North,S700_2466,"America West Airlines B757-200",9653,9170,40,2003-06,40,USA,86.760000,68.80,17.960000
a,North,S700_2834,"ATA: B757-300",7106,6751,27,2003-06,27,Spain,115.090000,59.33,55.760000
a,North,S700_3167,"F/A 18 Hornet 1/72",551,523,36,2003-06,36,"New Zealand",80.000000,54.40,25.600000
a,North,S700_4002,"American Airlines: MD-11S",8820,8379,26,2003-06,26,USA,63.670000,36.27,27.400000
a,North,S72_1253,"Boeing X-32A JSF",4857,4614,21,2003-06,21,USA,40.220000,32.77,7.450000
b,East,S10_4757,"1972 Alfa Romeo GTA",3252,3089,33,2003-06,33,UK,123.760000,85.68,38.080000
b,East,S12_1108,"2001 Ferrari Enzo",3619,3438,46,2003-06,46,USA,193.250000,95.59,97.660000
b,East,S12_3148,"1969 Corvair Monza",6906,6561,46,2003-06,46,USA,140.500000,89.14,51.360000
b,East,S12_3891,"1969 Ford Falcon",1049,997,42,2003-06,42,USA,169.560000,83.05,86.510000
b,East,S18_2238,"1998 Chrysler Plymouth Prowler",4724,4488,45,2003-06,45,USA,140.810000,101.51,39.300000
b,East,S18_3232,"1992 Ferrari 360 Spider red",8347,7930,22,2003-06,22,USA,149.020000,77.90,71.120000
b,East,S18_4027,"1970 Triumph Spitfire",5545,5268,25,2003-06,25,USA,126.390000,91.92,34.470000
b,East,S24_1444,"1970 Dodge Coronet",4074,3870,20,2003-06,20,USA,50.860000,32.37,18.490000
b,East,S24_2840,"1958 Chevy Corvette Limited Edition",2542,2415,39,2003-06,39,USA,34.300000,15.91,18.390000
b,East,S24_4048,"1992 Porsche Cayenne Turbo Silver",6582,6253,20,2003-06,20,USA,107.630000,69.78,37.850000
c,West,S18_3140,"1903 Ford Model A",3913,3717,41,2003-06,41,Spain,120.200000,68.30,51.900000
c,West,S18_3856,"1941 Chevrolet Special Deluxe Cabriolet",2378,2259,33,2003-06,33,USA,99.520000,64.58,34.940000
c,West,S18_4522,"1904 Buick Runabout",8290,7876,43,2003-06,43,Spain,77.240000,52.66,24.580000
c,West,S24_3151,"1912 Ford Model T Delivery Wagon",9173,8714,41,2003-06,41,UK,81.430000,46.91,34.520000
c,West,S24_3420,"1937 Horch 930V Limousine",2902,2757,29,2003-06,29,USA,52.600000,26.30,26.300000
c,West,S24_3816,"1940 Ford Delivery Sedan",6621,6290,50,2003-06,50,UK,76.310000,48.64,27.670000
c,West,S32_4289,"1928 Ford Phaeton Deluxe",136,129,49,2003-06,49,Spain,67.410000,33.02,34.390000
c,West,S50_1341,"1930 Buick Marquette Phaeton",7062,6709,27,2003-06,27,Spain,37.090000,27.06,10.030000
d,South,S12_4473,"1957 Chevy Pickup",6125,5819,24,2003-06,24,USA,100.730000,55.70,45.030000
d,South,S18_2319,"1964 Mercedes Tour Bus",8258,7845,45,2003-06,45,USA,114.140000,74.86,39.280000
d,South,S18_3029,"1999 Yamaha Speed Boat",4259,4046,40,2003-06,40,USA,68.820000,51.61,17.210000
d,South,S18_3259,"Collectable Wooden Train",6450,6128,41,2003-06,41,Spain,80.670000,67.56,13.110000
d,South,S24_2011,"18th century schooner",1898,1803,45,2003-06,45,UK,113.060000,82.34,30.720000
d,South,S32_2509,"1954 Greyhound Scenicruiser",2874,2730,45,2003-06,45,USA,46.530000,25.98,20.550000
d,South,S32_3207,"1950's Chicago Surface Lines Streetcar",8601,8171,29,2003-06,29,USA,60.900000,26.72,34.180000
d,South,S50_1392,"Diamond T620 Semi-Skirted Tanker",1016,965,46,2003-06,46,USA,111.120000,68.29,42.830000
d,South,S50_1514,"1962 City of Detroit Streetcar",1645,1563,46,2003-06,46,USA,55.650000,37.49,18.160000
d,South,S700_1138,"The Schooner Bluenose",1897,1802,31,2003-06,31,UK,58.670000,34.00,24.670000
d,South,S700_1938,"The Mayflower",737,700,32,2003-06,32,Spain,72.750000,43.30,29.450000
d,South,S700_2047,"HMS Bounty",3501,3326,22,2003-06,22,USA,76.940000,39.83,37.110000
d,South,S700_2610,"The USS Constitution Ship",7083,6729,45,2003-06,45,UK,72.280000,33.97,38.310000
d,South,S700_3505,"The Titanic",1956,1858,42,2003-06,42,UK,90.150000,51.09,39.060000
d,South,S700_3962,"The Queen Mary",5088,4834,30,2003-06,30,UK,94.340000,53.63,40.710000
d,South,S72_3212,"Pont Yacht",414,393,32,2003-06,32,UK,44.230000,33.30,10.930000
a,North,S10_1678,"1969 Harley Davidson Ultimate Chopper",7933,7536,41,2003-07,41,France,90.920000,48.81,42.110000
a,North,S10_2016,"1996 Moto Guzzi 1100i",6625,6294,27,2003-07,27,France,116.560000,68.99,47.570000
a,North,S10_4698,"2003 Harley-Davidson Eagle Drag Bike",5582,5303,31,2003-07,31,France,187.850000,91.02,96.830000
a,North,S12_2823,"2002 Suzuki XREO",9997,9497,20,2003-07,20,France,131.040000,66.27,64.770000
a,North,S18_2625,"1936 Harley Davidson El Knucklehead",4357,4139,30,2003-07,30,France,51.480000,24.23,27.250000
a,North,S18_3782,"1957 Vespa GS150",7689,7305,45,2003-07,45,USA,49.740000,32.95,16.790000
a,North,S24_1578,"1997 BMW R 1100 S",7003,6653,35,2003-07,35,France,94.670000,60.86,33.810000
a,North,S24_2000,"1960 BSA Gold Star DBD34",15,14,43,2003-07,43,France,75.410000,37.32,38.090000
a,North,S24_2360,"1982 Ducati 900 Monster",6840,6498,29,2003-07,29,USA,67.180000,47.10,20.080000
a,North,S32_2206,"1982 Ducati 996 R",9241,8779,33,2003-07,33,USA,38.620000,24.14,14.480000
a,North,S32_4485,"1974 Ducati 350 Mk3 Desmo",3341,3174,30,2003-07,30,USA,91.850000,56.13,35.720000
a,North,S50_4713,"2002 Yamaha YZR M1",600,570,44,2003-07,44,USA,78.920000,34.17,44.750000
b,East,S10_1949,"1952 Alpine Renault 1300",7305,6940,37,2003-07,37,USA,186.440000,98.58,87.860000
b,East,S10_4962,"1962 LanciaA Delta 16V",6791,6451,26,2003-07,26,USA,131.490000,103.42,28.070000
b,East,S12_1099,"1968 Ford Mustang",68,65,42,2003-07,42,USA,173.170000,95.34,77.830000
b,East,S12_3380,"1968 Dodge Charger",9123,8667,48,2003-07,48,USA,110.390000,75.16,35.230000
b,East,S12_3990,"1970 Plymouth Hemi Cuda",5663,5380,24,2003-07,24,USA,72.620000,31.92,40.700000
b,East,S12_4675,"1969 Dodge Charger",7323,6957,29,2003-07,29,USA,103.640000,58.73,44.910000
b,East,S18_1129,"1993 Mazda RX-7",3975,3776,25,2003-07,25,France,117.480000,83.51,33.970000
b,East,S18_1589,"1965 Aston Martin DB5",9042,8590,44,2003-07,44,France,115.730000,65.96,49.770000
b,East,S18_1889,"1948 Porsche 356-A Roadster",8826,8385,48,2003-07,48,USA,66.990000,53.90,13.090000
b,East,S18_1984,"1995 Honda Civic",9772,9283,36,2003-07,36,France,120.910000,93.89,27.020000
b,East,S18_2870,"1999 Indy 500 Monte Carlo SS",8164,7756,37,2003-07,37,France,110.880000,56.76,54.120000
b,East,S18_3232,"1992 Ferrari 360 Spider red",8347,7930,41,2003-07,41,France,169.340000,77.90,91.440000
b,East,S18_3278,"1969 Dodge Super Bee",1917,1821,45,2003-07,45,USA,65.940000,49.05,16.890000
b,East,S18_3482,"1976 Ford Gran Torino",9127,8671,42,2003-07,42,USA,139.640000,73.49,66.150000
b,East,S18_3685,"1948 Porsche Type 356 Roadster",8990,8541,31,2003-07,31,France,118.680000,62.16,56.520000
b,East,S18_4721,"1957 Corvette Convertible",1249,1187,31,2003-07,31,USA,133.920000,69.93,63.990000
b,East,S18_4933,"1957 Ford Thunderbird",3209,3049,23,2003-07,23,"New Zealand",64.860000,34.21,30.650000
b,East,S24_1046,"1970 Chevy Chevelle SS 454",1005,955,45,2003-07,45,"New Zealand",59.530000,49.24,10.290000
b,East,S24_1628,"1966 Shelby Cobra 427 S/C",8197,7787,26,2003-07,26,France,40.250000,29.18,11.070000
b,East,S24_2766,"1949 Jaguar XK 120",2350,2233,28,2003-07,28,"New Zealand",73.600000,47.25,26.350000
b,East,S24_2887,"1952 Citroen-15CV",1452,1379,30,2003-07,30,"New Zealand",96.300000,72.82,23.480000
b,East,S24_2972,"1982 Lamborghini Diablo",7723,7337,20,2003-07,20,USA,34.360000,16.24,18.120000
b,East,S24_3191,"1969 Chevrolet Camaro Z28",4695,4460,49,2003-07,49,"New Zealand",77.050000,50.51,26.540000
b,East,S24_3371,"1971 Alpine Renault 1600s",7995,7595,27,2003-07,27,USA,52.050000,38.58,13.470000
b,East,S24_3432,"2002 Chevy Corvette",9446,8974,21,2003-07,21,"New Zealand",99.580000,62.11,37.470000
b,East,S24_3856,"1956 Porsche 356A Coupe",6600,6270,47,2003-07,47,USA,139.030000,98.30,40.730000
b,East,S24_4620,"1961 Chevrolet Impala",7869,7476,23,2003-07,23,USA,76.800000,32.33,44.470000
b,East,S700_2824,"1982 Camaro Z28",6934,6587,36,2003-07,36,USA,101.150000,46.53,54.620000
c,West,S18_1342,"1937 Lincoln Berline",8693,8258,31,2003-07,31,Australia,89.380000,60.62,28.760000
c,West,S18_1367,"1936 Mercedes-Benz 500K Special Roadster",8635,8203,49,2003-07,49,Australia,52.830000,24.26,28.570000
c,West,S18_1749,"1917 Grand Touring Sedan",2724,2588,33,2003-07,33,"New Zealand",149.600000,86.70,62.900000
c,West,S18_2248,"1911 Ford Town Car",540,513,22,2003-07,22,"New Zealand",51.460000,33.30,18.160000
c,West,S18_2325,"1932 Model A Ford J-Coupe",9354,8886,38,2003-07,38,"New Zealand",114.420000,58.48,55.940000
c,West,S18_2795,"1928 Mercedes-Benz SSK",548,521,41,2003-07,41,Australia,151.880000,72.56,79.320000
c,West,S18_2949,"1913 Ford Model T Speedster",4189,3980,46,2003-07,46,Australia,91.180000,60.78,30.400000
c,West,S18_2957,"1934 Ford V8 Coupe",5649,5367,20,2003-07,20,Australia,52.470000,34.35,18.120000
c,West,S18_3136,"18th Century Vintage Horse Carriage",5992,5692,20,2003-07,20,Australia,101.580000,60.74,40.840000
c,West,S18_3320,"1917 Maxwell Touring Car",7913,7517,30,2003-07,30,Australia,81.350000,57.54,23.810000
c,West,S18_4409,"1932 Alfa Romeo 8C2300 Spider Sport",6553,6225,47,2003-07,47,"New Zealand",79.150000,43.26,35.890000
c,West,S18_4668,"1939 Cadillac Limousine",6645,6313,29,2003-07,29,USA,40.250000,23.14,17.110000
c,West,S24_1937,"1939 Chevrolet Deluxe Coupe",7332,6965,22,2003-07,22,"New Zealand",33.190000,22.57,10.620000
c,West,S24_2022,"1938 Cadillac V-16 Presidential Limousine",2847,2705,33,2003-07,33,"New Zealand",38.530000,20.61,17.920000
c,West,S24_3969,"1936 Mercedes Benz 500k Roadster",2081,1977,29,2003-07,29,"New Zealand",32.820000,21.75,11.070000
c,West,S24_4258,"1936 Chrysler Airflow",4710,4475,29,2003-07,29,Australia,93.490000,57.46,36.030000
d,South,S12_1666,"1958 Setra Bus",1579,1500,38,2003-07,38,USA,118.900000,77.90,41.000000
d,South,S18_1097,"1940 Ford Pickup Truck",2613,2482,32,2003-07,32,USA,95.670000,58.33,37.340000
d,South,S18_2432,"1926 Ford Fire Engine",2018,1917,46,2003-07,46,USA,51.050000,24.92,26.130000
d,South,S18_4600,"1940s Ford truck",3128,2972,40,2003-07,40,USA,100.500000,84.76,15.740000
d,South,S24_2300,"1962 Volkswagen Microbus",2327,2211,47,2003-07,47,USA,118.840000,61.34,57.500000
d,South,S32_1268,"1980’s GM Manhattan Express",5099,4844,26,2003-07,26,USA,87.640000,53.93,33.710000
d,South,S32_3522,"1996 Peterbilt 379 Stake Bed with Outrigger",814,773,28,2003-07,28,USA,62.050000,33.61,28.440000
a,North,S10_1678,"1969 Harley Davidson Ultimate Chopper",7933,7536,45,2003-08,45,USA,76.560000,48.81,27.750000
a,North,S10_2016,"1996 Moto Guzzi 1100i",6625,6294,37,2003-08,37,USA,104.670000,68.99,35.680000
a,North,S10_4698,"2003 Harley-Davidson Eagle Drag Bike",5582,5303,33,2003-08,33,USA,154.930000,91.02,63.910000
a,North,S12_2823,"2002 Suzuki XREO",9997,9497,49,2003-08,49,USA,146.100000,66.27,79.830000
a,North,S18_1662,"1980s Black Hawk Helicopter",5330,5064,32,2003-08,32,USA,126.150000,77.27,48.880000
a,North,S18_2581,"P-51-D Mustang",992,942,30,2003-08,30,USA,71.810000,49.00,22.810000
a,North,S18_2625,"1936 Harley Davidson El Knucklehead",4357,4139,30,2003-08,30,USA,52.700000,24.23,28.470000
a,North,S24_1578,"1997 BMW R 1100 S",7003,6653,43,2003-08,43,USA,103.680000,60.86,42.820000
a,North,S24_1785,"1928 British Royal Navy Airplane",3627,3446,40,2003-08,40,USA,87.540000,66.74,20.800000
a,North,S24_2000,"1960 BSA Gold Star DBD34",15,14,47,2003-08,47,USA,63.980000,37.32,26.660000
a,North,S24_2360,"1982 Ducati 900 Monster",6840,6498,27,2003-08,27,USA,56.100000,47.10,9.000000
a,North,S24_2841,"1900s Vintage Bi-Plane",5942,5645,27,2003-08,27,USA,63.710000,34.25,29.460000
a,North,S24_3949,"Corsair F4U ( Bird Cage)",6812,6471,28,2003-08,28,USA,55.960000,29.34,26.620000
a,North,S24_4278,"1900s Vintage Tri-Plane",2756,2618,33,2003-08,33,USA,71.730000,36.23,35.500000
a,North,S32_1374,"1997 BMW F650 ST",178,169,33,2003-08,33,USA,99.890000,66.92,32.970000
a,North,S32_2206,"1982 Ducati 996 R",9241,8779,31,2003-08,31,USA,39.430000,24.14,15.290000
a,North,S32_4485,"1974 Ducati 350 Mk3 Desmo",3341,3174,27,2003-08,27,USA,95.930000,56.13,39.800000
a,North,S50_4713,"2002 Yamaha YZR M1",600,570,38,2003-08,38,USA,73.220000,34.17,39.050000
a,North,S700_1691,"American Airlines: B767-300",5841,5549,36,2003-08,36,USA,86.770000,51.15,35.620000
a,North,S700_2466,"America West Airlines B757-200",9653,9170,26,2003-08,26,USA,79.780000,68.80,10.980000
a,North,S700_2834,"ATA: B757-300",7106,6751,20,2003-08,20,USA,113.900000,59.33,54.570000
a,North,S700_3167,"F/A 18 Hornet 1/72",551,523,28,2003-08,28,USA,70.400000,54.40,16.000000
a,North,S700_4002,"American Airlines: MD-11S",8820,8379,34,2003-08,34,USA,65.150000,36.27,28.880000
a,North,S72_1253,"Boeing X-32A JSF",4857,4614,37,2003-08,37,USA,49.660000,32.77,16.890000
b,East,S10_4757,"1972 Alfa Romeo GTA",3252,3089,49,2003-08,49,USA,133.280000,85.68,47.600000
b,East,S12_1108,"2001 Ferrari Enzo",3619,3438,33,2003-08,33,USA,166.240000,95.59,70.650000
b,East,S12_3148,"1969 Corvair Monza",6906,6561,33,2003-08,33,USA,140.500000,89.14,51.360000
b,East,S12_3891,"1969 Ford Falcon",1049,997,46,2003-08,46,USA,167.830000,83.05,84.780000
b,East,S18_2238,"1998 Chrysler Plymouth Prowler",4724,4488,39,2003-08,39,Finland,160.460000,101.51,58.950000
b,East,S18_3232,"1992 Ferrari 360 Spider red",8347,7930,34,2003-08,34,Finland,143.940000,77.90,66.040000
b,East,S18_4027,"1970 Triumph Spitfire",5545,5268,24,2003-08,24,USA,122.080000,91.92,30.160000
b,East,S24_1444,"1970 Dodge Coronet",4074,3870,20,2003-08,20,Finland,50.860000,32.37,18.490000
b,East,S24_2840,"1958 Chevy Corvette Limited Edition",2542,2415,21,2003-08,21,Finland,32.180000,15.91,16.270000
b,East,S24_4048,"1992 Porsche Cayenne Turbo Silver",6582,6253,40,2003-08,40,Finland,104.090000,69.78,34.310000
c,West,S18_3140,"1903 Ford Model A",3913,3717,47,2003-08,47,USA,129.760000,68.30,61.460000
c,West,S18_3856,"1941 Chevrolet Special Deluxe Cabriolet",2378,2259,34,2003-08,34,USA,99.520000,64.58,34.940000
c,West,S18_4522,"1904 Buick Runabout",8290,7876,24,2003-08,24,USA,79.870000,52.66,27.210000
c,West,S24_3151,"1912 Ford Model T Delivery Wagon",9173,8714,49,2003-08,49,USA,74.350000,46.91,27.440000
c,West,S24_3420,"1937 Horch 930V Limousine",2902,2757,33,2003-08,33,USA,59.830000,26.30,33.530000
c,West,S24_3816,"1940 Ford Delivery Sedan",6621,6290,23,2003-08,23,USA,74.640000,48.64,26.000000
c,West,S32_4289,"1928 Ford Phaeton Deluxe",136,129,20,2003-08,20,Belgium,56.410000,33.02,23.390000
c,West,S50_1341,"1930 Buick Marquette Phaeton",7062,6709,34,2003-08,34,USA,34.910000,27.06,7.850000
d,South,S12_4473,"1957 Chevy Pickup",6125,5819,21,2003-08,21,Finland,114.950000,55.70,59.250000
d,South,S18_2319,"1964 Mercedes Tour Bus",8258,7845,47,2003-08,47,Finland,103.090000,74.86,28.230000
d,South,S18_3029,"1999 Yamaha Speed Boat",4259,4046,46,2003-08,46,USA,70.540000,51.61,18.930000
d,South,S18_3259,"Collectable Wooden Train",6450,6128,22,2003-08,22,USA,95.800000,67.56,28.240000
d,South,S24_2011,"18th century schooner",1898,1803,33,2003-08,33,USA,114.290000,82.34,31.950000
d,South,S32_2509,"1954 Greyhound Scenicruiser",2874,2730,24,2003-08,24,Finland,53.030000,25.98,27.050000
d,South,S32_3207,"1950's Chicago Surface Lines Streetcar",8601,8171,42,2003-08,42,USA,60.900000,26.72,34.180000
d,South,S50_1392,"Diamond T620 Semi-Skirted Tanker",1016,965,44,2003-08,44,Finland,94.920000,68.29,26.630000
d,South,S50_1514,"1962 City of Detroit Streetcar",1645,1563,42,2003-08,42,USA,56.240000,37.49,18.750000
d,South,S700_1138,"The Schooner Bluenose",1897,1802,41,2003-08,41,USA,55.340000,34.00,21.340000
d,South,S700_1938,"The Mayflower",737,700,43,2003-08,43,USA,77.080000,43.30,33.780000
d,South,S700_2047,"HMS Bounty",3501,3326,26,2003-08,26,USA,87.800000,39.83,47.970000
d,South,S700_2610,"The USS Constitution Ship",7083,6729,31,2003-08,31,USA,69.390000,33.97,35.420000
d,South,S700_3505,"The Titanic",1956,1858,21,2003-08,21,USA,92.160000,51.09,41.070000
d,South,S700_3962,"The Queen Mary",5088,4834,38,2003-08,38,USA,91.370000,53.63,37.740000
d,South,S72_3212,"Pont Yacht",414,393,39,2003-08,39,USA,46.960000,33.30,13.660000
a,North,S18_3782,"1957 Vespa GS150",7689,7305,47,2003-09,47,USA,60.300000,32.95,27.350000
b,East,S10_1949,"1952 Alpine Renault 1300",7305,6940,45,2003-09,45,Singapore,182.160000,98.58,83.580000
b,East,S10_4962,"1962 LanciaA Delta 16V",6791,6451,20,2003-09,20,Singapore,121.150000,103.42,17.730000
b,East,S12_1099,"1968 Ford Mustang",68,65,48,2003-09,48,USA,161.490000,95.34,66.150000
b,East,S12_1108,"2001 Ferrari Enzo",3619,3438,20,2003-09,20,Spain,201.570000,95.59,105.980000
b,East,S12_3148,"1969 Corvair Monza",6906,6561,42,2003-09,42,Spain,128.420000,89.14,39.280000
b,East,S12_3380,"1968 Dodge Charger",9123,8667,31,2003-09,31,USA,110.390000,75.16,35.230000
b,East,S12_3891,"1969 Ford Falcon",1049,997,49,2003-09,49,Spain,155.720000,83.05,72.670000
b,East,S12_3990,"1970 Plymouth Hemi Cuda",5663,5380,21,2003-09,21,USA,74.210000,31.92,42.290000
b,East,S12_4675,"1969 Dodge Charger",7323,6957,33,2003-09,33,USA,97.890000,58.73,39.160000
b,East,S18_1129,"1993 Mazda RX-7",3975,3776,23,2003-09,23,Australia,114.650000,83.51,31.140000
b,East,S18_1589,"1965 Aston Martin DB5",9042,8590,47,2003-09,47,Australia,108.260000,65.96,42.300000
b,East,S18_1889,"1948 Porsche 356-A Roadster",8826,8385,26,2003-09,26,USA,70.840000,53.90,16.940000
b,East,S18_1984,"1995 Honda Civic",9772,9283,25,2003-09,25,Australia,136.560000,93.89,42.670000
b,East,S18_2238,"1998 Chrysler Plymouth Prowler",4724,4488,43,2003-09,43,Finland,152.270000,101.51,50.760000
b,East,S18_2870,"1999 Indy 500 Monte Carlo SS",8164,7756,27,2003-09,27,Australia,113.520000,56.76,56.760000
b,East,S18_3232,"1992 Ferrari 360 Spider red",8347,7930,32,2003-09,32,Australia,143.940000,77.90,66.040000
b,East,S18_3232,"1992 Ferrari 360 Spider red",8347,7930,21,2003-09,21,Finland,167.650000,77.90,89.750000
b,East,S18_3278,"1969 Dodge Super Bee",1917,1821,36,2003-09,36,USA,74.780000,49.05,25.730000
b,East,S18_3482,"1976 Ford Gran Torino",9127,8671,37,2003-09,37,USA,129.350000,73.49,55.860000
b,East,S18_3685,"1948 Porsche Type 356 Roadster",8990,8541,28,2003-09,28,Australia,135.630000,62.16,73.470000
b,East,S18_4027,"1970 Triumph Spitfire",5545,5268,35,2003-09,35,Australia,117.770000,91.92,25.850000
b,East,S18_4721,"1957 Corvette Convertible",1249,1187,29,2003-09,29,USA,130.940000,69.93,61.010000
b,East,S18_4933,"1957 Ford Thunderbird",3209,3049,29,2003-09,29,Australia,66.280000,34.21,32.070000
b,East,S24_1046,"1970 Chevy Chevelle SS 454",1005,955,25,2003-09,25,Australia,65.410000,49.24,16.170000
b,East,S24_1444,"1970 Dodge Coronet",4074,3870,25,2003-09,25,Australia,49.130000,32.37,16.760000
b,East,S24_1628,"1966 Shelby Cobra 427 S/C",8197,7787,47,2003-09,47,Australia,46.290000,29.18,17.110000
b,East,S24_2766,"1949 Jaguar XK 120",2350,2233,21,2003-09,21,Australia,77.240000,47.25,29.990000
b,East,S24_2840,"1958 Chevy Corvette Limited Edition",2542,2415,30,2003-09,30,Finland,29.350000,15.91,13.440000
b,East,S24_2887,"1952 Citroen-15CV",1452,1379,34,2003-09,34,Australia,115.090000,72.82,42.270000
b,East,S24_2972,"1982 Lamborghini Diablo",7723,7337,25,2003-09,25,USA,33.230000,16.24,16.990000
b,East,S24_3191,"1969 Chevrolet Camaro Z28",4695,4460,31,2003-09,31,Australia,71.910000,50.51,21.400000
b,East,S24_3371,"1971 Alpine Renault 1600s",7995,7595,30,2003-09,30,USA,48.980000,38.58,10.400000
b,East,S24_3432,"2002 Chevy Corvette",9446,8974,27,2003-09,27,Australia,96.370000,62.11,34.260000
b,East,S24_3856,"1956 Porsche 356A Coupe",6600,6270,23,2003-09,23,USA,123.580000,98.30,25.280000
b,East,S24_4048,"1992 Porsche Cayenne Turbo Silver",6582,6253,23,2003-09,23,Australia,112.370000,69.78,42.590000
b,East,S24_4620,"1961 Chevrolet Impala",7869,7476,31,2003-09,31,USA,72.760000,32.33,40.430000
b,East,S700_2824,"1982 Camaro Z28",6934,6587,20,2003-09,20,Singapore,95.080000,46.53,48.550000
c,West,S18_1342,"1937 Lincoln Berline",8693,8258,50,2003-09,50,USA,87.330000,60.62,26.710000
c,West,S18_1367,"1936 Mercedes-Benz 500K Special Roadster",8635,8203,30,2003-09,30,USA,48.520000,24.26,24.260000
c,West,S18_1749,"1917 Grand Touring Sedan",2724,2588,34,2003-09,34,USA,156.400000,86.70,69.700000
c,West,S18_2248,"1911 Ford Town Car",540,513,24,2003-09,24,USA,50.850000,33.30,17.550000
c,West,S18_2325,"1932 Model A Ford J-Coupe",9354,8886,33,2003-09,33,USA,125.860000,58.48,67.380000
c,West,S18_2795,"1928 Mercedes-Benz SSK",548,521,23,2003-09,23,USA,167.060000,72.56,94.500000
c,West,S18_2949,"1913 Ford Model T Speedster",4189,3980,47,2003-09,47,Singapore,93.210000,60.78,32.430000
c,West,S18_2957,"1934 Ford V8 Coupe",5649,5367,30,2003-09,30,Singapore,56.210000,34.35,21.860000
c,West,S18_3136,"18th Century Vintage Horse Carriage",5992,5692,26,2003-09,26,Singapore,97.390000,60.74,36.650000
c,West,S18_3140,"1903 Ford Model A",3913,3717,31,2003-09,31,Spain,125.660000,68.30,57.360000
c,West,S18_3320,"1917 Maxwell Touring Car",7913,7517,42,2003-09,42,USA,89.290000,57.54,31.750000
c,West,S18_4409,"1932 Alfa Romeo 8C2300 Spider Sport",6553,6225,34,2003-09,34,Australia,83.750000,43.26,40.490000
c,West,S18_4522,"1904 Buick Runabout",8290,7876,22,2003-09,22,Spain,82.500000,52.66,29.840000
c,West,S18_4668,"1939 Cadillac Limousine",6645,6313,30,2003-09,30,Singapore,47.290000,23.14,24.150000
c,West,S24_1937,"1939 Chevrolet Deluxe Coupe",7332,6965,36,2003-09,36,USA,31.200000,22.57,8.630000
c,West,S24_2022,"1938 Cadillac V-16 Presidential Limousine",2847,2705,49,2003-09,49,USA,39.870000,20.61,19.260000
c,West,S24_3969,"1936 Mercedes Benz 500k Roadster",2081,1977,26,2003-09,26,USA,38.570000,21.75,16.820000
c,West,S24_4258,"1936 Chrysler Airflow",4710,4475,20,2003-09,20,USA,90.570000,57.46,33.110000
d,South,S12_1666,"1958 Setra Bus",1579,1500,30,2003-09,30,Singapore,135.300000,77.90,57.400000
d,South,S12_4473,"1957 Chevy Pickup",6125,5819,24,2003-09,24,Finland,114.950000,55.70,59.250000
d,South,S18_1097,"1940 Ford Pickup Truck",2613,2482,34,2003-09,34,Singapore,95.670000,58.33,37.340000
d,South,S18_2319,"1964 Mercedes Tour Bus",8258,7845,49,2003-09,49,Finland,106.780000,74.86,31.920000
d,South,S18_2432,"1926 Ford Fire Engine",2018,1917,39,2003-09,39,Finland,58.340000,24.92,33.420000
d,South,S18_3259,"Collectable Wooden Train",6450,6128,29,2003-09,29,Spain,82.690000,67.56,15.130000
d,South,S18_4600,"1940s Ford truck",3128,2972,49,2003-09,49,Singapore,111.390000,84.76,26.630000
d,South,S24_2011,"18th century schooner",1898,1803,40,2003-09,40,Spain,111.830000,82.34,29.490000
d,South,S24_2300,"1962 Volkswagen Microbus",2327,2211,42,2003-09,42,Finland,109.900000,61.34,48.560000
d,South,S32_1268,"1980’s GM Manhattan Express",5099,4844,27,2003-09,27,Finland,84.750000,53.93,30.820000
d,South,S32_2509,"1954 Greyhound Scenicruiser",2874,2730,41,2003-09,41,Finland,43.290000,25.98,17.310000
d,South,S32_3207,"1950's Chicago Surface Lines Streetcar",8601,8171,33,2003-09,33,Australia,57.170000,26.72,30.450000
d,South,S32_3522,"1996 Peterbilt 379 Stake Bed with Outrigger",814,773,49,2003-09,49,Singapore,62.050000,33.61,28.440000
d,South,S50_1392,"Diamond T620 Semi-Skirted Tanker",1016,965,26,2003-09,26,Finland,108.810000,68.29,40.520000
d,South,S50_1514,"1962 City of Detroit Streetcar",1645,1563,31,2003-09,31,Spain,53.310000,37.49,15.820000
d,South,S700_1138,"The Schooner Bluenose",1897,1802,43,2003-09,43,Spain,58.000000,34.00,24.000000
d,South,S700_1938,"The Mayflower",737,700,31,2003-09,31,Spain,80.550000,43.30,37.250000
d,South,S700_3505,"The Titanic",1956,1858,50,2003-09,50,Spain,87.150000,51.09,36.060000
d,South,S700_3962,"The Queen Mary",5088,4834,20,2003-09,20,Spain,85.410000,53.63,31.780000
d,South,S72_3212,"Pont Yacht",414,393,50,2003-09,50,Spain,51.870000,33.30,18.570000
a,North,S10_1678,"1969 Harley Davidson Ultimate Chopper",7933,7536,85,2003-10,85,USA,88.045000,48.81,39.235000
a,North,S10_2016,"1996 Moto Guzzi 1100i",6625,6294,64,2003-10,64,USA,99.315000,68.99,30.325000
a,North,S10_4698,"2003 Harley-Davidson Eagle Drag Bike",5582,5303,42,2003-10,42,USA,165.580000,91.02,74.560000
a,North,S12_2823,"2002 Suzuki XREO",9997,9497,38,2003-10,38,USA,131.040000,66.27,64.770000
a,North,S18_1662,"1980s Black Hawk Helicopter",5330,5064,43,2003-10,43,Sweden,141.920000,77.27,64.650000
a,North,S18_1662,"1980s Black Hawk Helicopter",5330,5064,38,2003-10,38,Finland,138.770000,77.27,61.500000
a,North,S18_2581,"P-51-D Mustang",992,942,33,2003-10,33,Italy,69.270000,49.00,20.270000
a,North,S18_2581,"P-51-D Mustang",992,942,21,2003-10,21,USA,75.190000,49.00,26.190000
a,North,S18_2625,"1936 Harley Davidson El Knucklehead",4357,4139,88,2003-10,88,USA,50.270000,24.23,26.040000
a,North,S18_3782,"1957 Vespa GS150",7689,7305,21,2003-10,21,USA,54.710000,32.95,21.760000
a,North,S24_1578,"1997 BMW R 1100 S",7003,6653,94,2003-10,94,USA,101.990000,60.86,41.130000
a,North,S24_1785,"1928 British Royal Navy Airplane",3627,3446,49,2003-10,49,USA,93.010000,66.74,26.270000
a,North,S24_1785,"1928 British Royal Navy Airplane",3627,3446,40,2003-10,40,Italy,89.720000,66.74,22.980000
a,North,S24_2000,"1960 BSA Gold Star DBD34",15,14,22,2003-10,22,Norway,67.790000,37.32,30.470000
a,North,S24_2000,"1960 BSA Gold Star DBD34",15,14,29,2003-10,29,USA,72.360000,37.32,35.040000
a,North,S24_2360,"1982 Ducati 900 Monster",6840,6498,27,2003-10,27,USA,67.180000,47.10,20.080000
a,North,S24_2841,"1900s Vintage Bi-Plane",5942,5645,23,2003-10,23,Finland,62.340000,34.25,28.090000
a,North,S24_2841,"1900s Vintage Bi-Plane",5942,5645,21,2003-10,21,Sweden,54.810000,34.25,20.560000
a,North,S24_3949,"Corsair F4U ( Bird Cage)",6812,6471,44,2003-10,44,Finland,58.690000,29.34,29.350000
a,North,S24_3949,"Corsair F4U ( Bird Cage)",6812,6471,27,2003-10,27,USA,57.320000,29.34,27.980000
a,North,S24_4278,"1900s Vintage Tri-Plane",2756,2618,33,2003-10,33,Italy,66.650000,36.23,30.420000
a,North,S24_4278,"1900s Vintage Tri-Plane",2756,2618,48,2003-10,48,USA,68.100000,36.23,31.870000
a,North,S32_1374,"1997 BMW F650 ST",178,169,28,2003-10,28,USA,89.900000,66.92,22.980000
a,North,S32_1374,"1997 BMW F650 ST",178,169,34,2003-10,34,Italy,83.910000,66.92,16.990000
a,North,S32_2206,"1982 Ducati 996 R",9241,8779,35,2003-10,35,USA,39.430000,24.14,15.290000
a,North,S32_4485,"1974 Ducati 350 Mk3 Desmo",3341,3174,23,2003-10,23,USA,86.740000,56.13,30.610000
a,North,S50_4713,"2002 Yamaha YZR M1",600,570,31,2003-10,31,USA,78.110000,34.17,43.940000
a,North,S700_1691,"American Airlines: B767-300",5841,5549,28,2003-10,28,USA,91.340000,51.15,40.190000
a,North,S700_1691,"American Airlines: B767-300",5841,5549,48,2003-10,48,Spain,77.640000,51.15,26.490000
a,North,S700_2466,"America West Airlines B757-200",9653,9170,31,2003-10,31,USA,87.750000,68.80,18.950000
a,North,S700_2466,"America West Airlines B757-200",9653,9170,20,2003-10,20,Finland,87.750000,68.80,18.950000
a,North,S700_2834,"ATA: B757-300",7106,6751,48,2003-10,48,Italy,109.160000,59.33,49.830000
a,North,S700_2834,"ATA: B757-300",7106,6751,36,2003-10,36,USA,94.920000,59.33,35.590000
a,North,S700_3167,"F/A 18 Hornet 1/72",551,523,48,2003-10,48,USA,72.000000,54.40,17.600000
a,North,S700_3167,"F/A 18 Hornet 1/72",551,523,43,2003-10,43,Finland,76.800000,54.40,22.400000
a,North,S700_4002,"American Airlines: MD-11S",8820,8379,44,2003-10,44,Finland,70.330000,36.27,34.060000
a,North,S700_4002,"American Airlines: MD-11S",8820,8379,39,2003-10,39,USA,67.370000,36.27,31.100000
a,North,S72_1253,"Boeing X-32A JSF",4857,4614,34,2003-10,34,Finland,49.160000,32.77,16.390000
a,North,S72_1253,"Boeing X-32A JSF",4857,4614,40,2003-10,40,Sweden,42.710000,32.77,9.940000
b,East,S10_1949,"1952 Alpine Renault 1300",7305,6940,21,2003-10,21,USA,212.160000,98.58,113.580000
b,East,S10_4757,"1972 Alfa Romeo GTA",3252,3089,32,2003-10,32,Finland,129.200000,85.68,43.520000
b,East,S10_4757,"1972 Alfa Romeo GTA",3252,3089,44,2003-10,44,Sweden,123.760000,85.68,38.080000
b,East,S10_4962,"1962 LanciaA Delta 16V",6791,6451,21,2003-10,21,Austria,143.310000,103.42,39.890000
b,East,S12_1099,"1968 Ford Mustang",68,65,41,2003-10,41,USA,188.730000,95.34,93.390000
b,East,S12_1099,"1968 Ford Mustang",68,65,33,2003-10,33,Germany,184.840000,95.34,89.500000
b,East,S12_1108,"2001 Ferrari Enzo",3619,3438,44,2003-10,44,Singapore,168.320000,95.59,72.730000
b,East,S12_3148,"1969 Corvair Monza",6906,6561,34,2003-10,34,Singapore,123.890000,89.14,34.750000
b,East,S12_3380,"1968 Dodge Charger",9123,8667,29,2003-10,29,Germany,116.270000,75.16,41.110000
b,East,S12_3380,"1968 Dodge Charger",9123,8667,46,2003-10,46,USA,96.300000,75.16,21.140000
b,East,S12_3891,"1969 Ford Falcon",1049,997,27,2003-10,27,Singapore,152.260000,83.05,69.210000
b,East,S12_3990,"1970 Plymouth Hemi Cuda",5663,5380,24,2003-10,24,USA,67.030000,31.92,35.110000
b,East,S12_3990,"1970 Plymouth Hemi Cuda",5663,5380,22,2003-10,22,Germany,76.610000,31.92,44.690000
b,East,S12_4675,"1969 Dodge Charger",7323,6957,23,2003-10,23,Germany,95.580000,58.73,36.850000
b,East,S12_4675,"1969 Dodge Charger",7323,6957,50,2003-10,50,USA,93.280000,58.73,34.550000
b,East,S18_1129,"1993 Mazda RX-7",3975,3776,28,2003-10,28,Denmark,121.720000,83.51,38.210000
b,East,S18_1129,"1993 Mazda RX-7",3975,3776,37,2003-10,37,"Norway  ",114.650000,83.51,31.140000
b,East,S18_1589,"1965 Aston Martin DB5",9042,8590,43,2003-10,43,Denmark,102.040000,65.96,36.080000
b,East,S18_1589,"1965 Aston Martin DB5",9042,8590,32,2003-10,32,"Norway  ",118.220000,65.96,52.260000
b,East,S18_1889,"1948 Porsche 356-A Roadster",8826,8385,41,2003-10,41,Germany,63.140000,53.90,9.240000
b,East,S18_1889,"1948 Porsche 356-A Roadster",8826,8385,38,2003-10,38,USA,70.840000,53.90,16.940000
b,East,S18_1984,"1995 Honda Civic",9772,9283,48,2003-10,48,Denmark,139.410000,93.89,45.520000
b,East,S18_1984,"1995 Honda Civic",9772,9283,47,2003-10,47,"Norway  ",119.490000,93.89,25.600000
b,East,S18_2238,"1998 Chrysler Plymouth Prowler",4724,4488,29,2003-10,29,Singapore,134.260000,101.51,32.750000
b,East,S18_2870,"1999 Indy 500 Monte Carlo SS",8164,7756,22,2003-10,22,"Norway  ",113.520000,56.76,56.760000
b,East,S18_2870,"1999 Indy 500 Monte Carlo SS",8164,7756,23,2003-10,23,Denmark,125.400000,56.76,68.640000
b,East,S18_3232,"1992 Ferrari 360 Spider red",8347,7930,20,2003-10,20,USA,140.550000,77.90,62.650000
b,East,S18_3232,"1992 Ferrari 360 Spider red",8347,7930,47,2003-10,47,Singapore,154.100000,77.90,76.200000
b,East,S18_3232,"1992 Ferrari 360 Spider red",8347,7930,23,2003-10,23,"Norway  ",135.470000,77.90,57.570000
b,East,S18_3278,"1969 Dodge Super Bee",1917,1821,49,2003-10,49,Germany,65.940000,49.05,16.890000
b,East,S18_3278,"1969 Dodge Super Bee",1917,1821,21,2003-10,21,USA,66.740000,49.05,17.690000
b,East,S18_3482,"1976 Ford Gran Torino",9127,8671,25,2003-10,25,USA,129.350000,73.49,55.860000
b,East,S18_3482,"1976 Ford Gran Torino",9127,8671,23,2003-10,23,Germany,144.050000,73.49,70.560000
b,East,S18_3685,"1948 Porsche Type 356 Roadster",8990,8541,36,2003-10,36,Denmark,132.800000,62.16,70.640000
b,East,S18_3685,"1948 Porsche Type 356 Roadster",8990,8541,39,2003-10,39,"Norway  ",137.040000,62.16,74.880000
b,East,S18_4027,"1970 Triumph Spitfire",5545,5268,28,2003-10,28,Singapore,123.510000,91.92,31.590000
b,East,S18_4721,"1957 Corvette Convertible",1249,1187,32,2003-10,32,USA,142.850000,69.93,72.920000
b,East,S18_4933,"1957 Ford Thunderbird",3209,3049,25,2003-10,25,Denmark,62.720000,34.21,28.510000
b,East,S18_4933,"1957 Ford Thunderbird",3209,3049,23,2003-10,23,UK,70.560000,34.21,36.350000
b,East,S24_1046,"1970 Chevy Chevelle SS 454",1005,955,37,2003-10,37,Denmark,73.490000,49.24,24.250000
b,East,S24_1046,"1970 Chevy Chevelle SS 454",1005,955,27,2003-10,27,"Norway  ",64.670000,49.24,15.430000
b,East,S24_1444,"1970 Dodge Coronet",4074,3870,25,2003-10,25,Singapore,46.820000,32.37,14.450000
b,East,S24_1628,"1966 Shelby Cobra 427 S/C",8197,7787,22,2003-10,22,"Norway  ",40.750000,29.18,11.570000
b,East,S24_1628,"1966 Shelby Cobra 427 S/C",8197,7787,23,2003-10,23,Denmark,47.290000,29.18,18.110000
b,East,S24_2766,"1949 Jaguar XK 120",2350,2233,49,2003-10,49,UK,75.420000,47.25,28.170000
b,East,S24_2766,"1949 Jaguar XK 120",2350,2233,20,2003-10,20,Denmark,82.690000,47.25,35.440000
b,East,S24_2840,"1958 Chevy Corvette Limited Edition",2542,2415,27,2003-10,27,Singapore,31.120000,15.91,15.210000
b,East,S24_2887,"1952 Citroen-15CV",1452,1379,25,2003-10,25,Denmark,108.040000,72.82,35.220000
b,East,S24_2887,"1952 Citroen-15CV",1452,1379,45,2003-10,45,UK,104.520000,72.82,31.700000
b,East,S24_2972,"1982 Lamborghini Diablo",7723,7337,48,2003-10,48,"Norway  ",32.100000,16.24,15.860000
b,East,S24_2972,"1982 Lamborghini Diablo",7723,7337,42,2003-10,42,USA,30.590000,16.24,14.350000
b,East,S24_3191,"1969 Chevrolet Camaro Z28",4695,4460,20,2003-10,20,Denmark,72.770000,50.51,22.260000
b,East,S24_3191,"1969 Chevrolet Camaro Z28",4695,4460,48,2003-10,48,UK,74.480000,50.51,23.970000
b,East,S24_3371,"1971 Alpine Renault 1600s",7995,7595,31,2003-10,31,Germany,52.050000,38.58,13.470000
b,East,S24_3371,"1971 Alpine Renault 1600s",7995,7595,50,2003-10,50,USA,49.600000,38.58,11.020000
b,East,S24_3432,"2002 Chevy Corvette",9446,8974,30,2003-10,30,Denmark,94.230000,62.11,32.120000
b,East,S24_3432,"2002 Chevy Corvette",9446,8974,22,2003-10,22,"Norway  ",86.730000,62.11,24.620000
b,East,S24_3856,"1956 Porsche 356A Coupe",6600,6270,35,2003-10,35,USA,130.600000,98.30,32.300000
b,East,S24_3856,"1956 Porsche 356A Coupe",6600,6270,50,2003-10,50,"Norway  ",122.170000,98.30,23.870000
b,East,S24_4048,"1992 Porsche Cayenne Turbo Silver",6582,6253,24,2003-10,24,Singapore,106.450000,69.78,36.670000
b,East,S24_4620,"1961 Chevrolet Impala",7869,7476,23,2003-10,23,USA,80.840000,32.33,48.510000
b,East,S700_2824,"1982 Camaro Z28",6934,6587,39,2003-10,39,Austria,86.990000,46.53,40.460000
c,West,S18_1342,"1937 Lincoln Berline",8693,8258,48,2003-10,48,USA,87.330000,60.62,26.710000
c,West,S18_1367,"1936 Mercedes-Benz 500K Special Roadster",8635,8203,45,2003-10,45,USA,45.280000,24.26,21.020000
c,West,S18_1749,"1917 Grand Touring Sedan",2724,2588,43,2003-10,43,UK,166.600000,86.70,79.900000
c,West,S18_1749,"1917 Grand Touring Sedan",2724,2588,29,2003-10,29,USA,141.100000,86.70,54.400000
c,West,S18_2248,"1911 Ford Town Car",540,513,27,2003-10,27,USA,53.280000,33.30,19.980000
c,West,S18_2325,"1932 Model A Ford J-Coupe",9354,8886,38,2003-10,38,USA,113.150000,58.48,54.670000
c,West,S18_2795,"1928 Mercedes-Benz SSK",548,521,48,2003-10,48,USA,156.940000,72.56,84.380000
c,West,S18_2949,"1913 Ford Model T Speedster",4189,3980,31,2003-10,31,USA,101.310000,60.78,40.530000
c,West,S18_2957,"1934 Ford V8 Coupe",5649,5367,48,2003-10,48,USA,59.960000,34.35,25.610000
c,West,S18_3136,"18th Century Vintage Horse Carriage",5992,5692,40,2003-10,40,USA,101.580000,60.74,40.840000
c,West,S18_3140,"1903 Ford Model A",3913,3717,43,2003-10,43,USA,136.590000,68.30,68.290000
c,West,S18_3320,"1917 Maxwell Touring Car",7913,7517,43,2003-10,43,USA,80.360000,57.54,22.820000
c,West,S18_3856,"1941 Chevrolet Special Deluxe Cabriolet",2378,2259,34,2003-10,34,Sweden,84.700000,64.58,20.120000
c,West,S18_3856,"1941 Chevrolet Special Deluxe Cabriolet",2378,2259,29,2003-10,29,Finland,105.870000,64.58,41.290000
c,West,S18_4409,"1932 Alfa Romeo 8C2300 Spider Sport",6553,6225,38,2003-10,38,UK,82.830000,43.26,39.570000
c,West,S18_4409,"1932 Alfa Romeo 8C2300 Spider Sport",6553,6225,39,2003-10,39,USA,86.510000,43.26,43.250000
c,West,S18_4522,"1904 Buick Runabout",8290,7876,26,2003-10,26,USA,72.850000,52.66,20.190000
c,West,S18_4668,"1939 Cadillac Limousine",6645,6313,25,2003-10,25,Austria,46.290000,23.14,23.150000
c,West,S24_1937,"1939 Chevrolet Deluxe Coupe",7332,6965,37,2003-10,37,USA,27.550000,22.57,4.980000
c,West,S24_2022,"1938 Cadillac V-16 Presidential Limousine",2847,2705,43,2003-10,43,USA,38.980000,20.61,18.370000
c,West,S24_3151,"1912 Ford Model T Delivery Wagon",9173,8714,20,2003-10,20,Sweden,77.000000,46.91,30.090000
c,West,S24_3151,"1912 Ford Model T Delivery Wagon",9173,8714,31,2003-10,31,USA,75.230000,46.91,28.320000
c,West,S24_3420,"1937 Horch 930V Limousine",2902,2757,34,2003-10,34,Finland,56.550000,26.30,30.250000
c,West,S24_3420,"1937 Horch 930V Limousine",2902,2757,32,2003-10,32,Sweden,64.440000,26.30,38.140000
c,West,S24_3816,"1940 Ford Delivery Sedan",6621,6290,29,2003-10,29,Sweden,73.800000,48.64,25.160000
c,West,S24_3816,"1940 Ford Delivery Sedan",6621,6290,37,2003-10,37,Finland,76.310000,48.64,27.670000
c,West,S24_3969,"1936 Mercedes Benz 500k Roadster",2081,1977,37,2003-10,37,USA,32.820000,21.75,11.070000
c,West,S24_4258,"1936 Chrysler Airflow",4710,4475,42,2003-10,42,USA,96.420000,57.46,38.960000
c,West,S32_4289,"1928 Ford Phaeton Deluxe",136,129,28,2003-10,28,Italy,56.410000,33.02,23.390000
c,West,S32_4289,"1928 Ford Phaeton Deluxe",136,129,31,2003-10,31,USA,57.780000,33.02,24.760000
c,West,S50_1341,"1930 Buick Marquette Phaeton",7062,6709,20,2003-10,20,Spain,43.640000,27.06,16.580000
c,West,S50_1341,"1930 Buick Marquette Phaeton",7062,6709,48,2003-10,48,USA,39.710000,27.06,12.650000
d,South,S12_1666,"1958 Setra Bus",1579,1500,49,2003-10,49,Austria,121.640000,77.90,43.740000
d,South,S12_4473,"1957 Chevy Pickup",6125,5819,48,2003-10,48,Singapore,109.020000,55.70,53.320000
d,South,S18_1097,"1940 Ford Pickup Truck",2613,2482,36,2003-10,36,Austria,103.840000,58.33,45.510000
d,South,S18_2319,"1964 Mercedes Tour Bus",8258,7845,46,2003-10,46,Singapore,120.280000,74.86,45.420000
d,South,S18_2432,"1926 Ford Fire Engine",2018,1917,31,2003-10,31,Singapore,60.770000,24.92,35.850000
d,South,S18_3029,"1999 Yamaha Speed Boat",4259,4046,44,2003-10,44,Finland,83.440000,51.61,31.830000
d,South,S18_3029,"1999 Yamaha Speed Boat",4259,4046,46,2003-10,46,Sweden,69.680000,51.61,18.070000
d,South,S18_3259,"Collectable Wooden Train",6450,6128,50,2003-10,50,Singapore,84.710000,67.56,17.150000
d,South,S18_4600,"1940s Ford truck",3128,2972,45,2003-10,45,Austria,107.760000,84.76,23.000000
d,South,S24_2011,"18th century schooner",1898,1803,33,2003-10,33,Sweden,110.600000,82.34,28.260000
d,South,S24_2300,"1962 Volkswagen Microbus",2327,2211,32,2003-10,32,Singapore,117.570000,61.34,56.230000
d,South,S32_1268,"1980’s GM Manhattan Express",5099,4844,24,2003-10,24,Austria,91.490000,53.93,37.560000
d,South,S32_2509,"1954 Greyhound Scenicruiser",2874,2730,48,2003-10,48,Singapore,50.860000,25.98,24.880000
d,South,S32_3207,"1950's Chicago Surface Lines Streetcar",8601,8171,44,2003-10,44,Singapore,55.300000,26.72,28.580000
d,South,S32_3522,"1996 Peterbilt 379 Stake Bed with Outrigger",814,773,49,2003-10,49,Austria,57.530000,33.61,23.920000
d,South,S50_1392,"Diamond T620 Semi-Skirted Tanker",1016,965,48,2003-10,48,Singapore,106.490000,68.29,38.200000
d,South,S50_1514,"1962 City of Detroit Streetcar",1645,1563,38,2003-10,38,Singapore,49.210000,37.49,11.720000
d,South,S700_1138,"The Schooner Bluenose",1897,1802,43,2003-10,43,Sweden,66.000000,34.00,32.000000
d,South,S700_1938,"The Mayflower",737,700,29,2003-10,29,USA,76.220000,43.30,32.920000
d,South,S700_2047,"HMS Bounty",3501,3326,29,2003-10,29,Sweden,87.800000,39.83,47.970000
d,South,S700_2047,"HMS Bounty",3501,3326,32,2003-10,32,Finland,89.610000,39.83,49.780000
d,South,S700_2610,"The USS Constitution Ship",7083,6729,46,2003-10,46,Sweden,62.160000,33.97,28.190000
d,South,S700_2610,"The USS Constitution Ship",7083,6729,36,2003-10,36,USA,59.270000,33.97,25.300000
d,South,S700_3505,"The Titanic",1956,1858,24,2003-10,24,Sweden,85.140000,51.09,34.050000
d,South,S700_3962,"The Queen Mary",5088,4834,28,2003-10,28,Sweden,83.420000,53.63,29.790000
d,South,S72_3212,"Pont Yacht",414,393,38,2003-10,38,Sweden,43.680000,33.30,10.380000
a,North,S10_1678,"1969 Harley Davidson Ultimate Chopper",7933,7536,48,2003-11,48,"Norway  ",95.700000,48.81,46.890000
a,North,S10_1678,"1969 Harley Davidson Ultimate Chopper",7933,7536,29,2003-11,29,France,76.560000,48.81,27.750000
a,North,S10_2016,"1996 Moto Guzzi 1100i",6625,6294,38,2003-11,38,"Norway  ",111.800000,68.99,42.810000
a,North,S10_2016,"1996 Moto Guzzi 1100i",6625,6294,42,2003-11,42,France,99.910000,68.99,30.920000
a,North,S10_4698,"2003 Harley-Davidson Eagle Drag Bike",5582,5303,41,2003-11,41,France,164.610000,91.02,73.590000
a,North,S10_4698,"2003 Harley-Davidson Eagle Drag Bike",5582,5303,45,2003-11,45,"Norway  ",182.040000,91.02,91.020000
a,North,S12_2823,"2002 Suzuki XREO",9997,9497,28,2003-11,28,USA,138.570000,66.27,72.300000
a,North,S12_2823,"2002 Suzuki XREO",9997,9497,40,2003-11,40,France,131.040000,66.27,64.770000
a,North,S12_2823,"2002 Suzuki XREO",9997,9497,35,2003-11,35,Australia,126.520000,66.27,60.250000
a,North,S18_1662,"1980s Black Hawk Helicopter",5330,5064,42,2003-11,42,France,127.730000,77.27,50.460000
a,North,S18_1662,"1980s Black Hawk Helicopter",5330,5064,32,2003-11,32,UK,137.190000,77.27,59.920000
a,North,S18_1662,"1980s Black Hawk Helicopter",5330,5064,42,2003-11,42,Philippines,149.810000,77.27,72.540000
a,North,S18_2581,"P-51-D Mustang",992,942,24,2003-11,24,"New Zealand",82.790000,49.00,33.790000
a,North,S18_2581,"P-51-D Mustang",992,942,45,2003-11,45,"Hong Kong",70.120000,49.00,21.120000
a,North,S18_2625,"1936 Harley Davidson El Knucklehead",4357,4139,32,2003-11,32,"Norway  ",52.090000,24.23,27.860000
a,North,S18_2625,"1936 Harley Davidson El Knucklehead",4357,4139,25,2003-11,25,France,48.460000,24.23,24.230000
a,North,S18_3782,"1957 Vespa GS150",7689,7305,21,2003-11,21,France,59.060000,32.95,26.110000
a,North,S18_3782,"1957 Vespa GS150",7689,7305,38,2003-11,38,Australia,52.840000,32.95,19.890000
a,North,S18_3782,"1957 Vespa GS150",7689,7305,43,2003-11,43,Germany,60.930000,32.95,27.980000
a,North,S24_1578,"1997 BMW R 1100 S",7003,6653,25,2003-11,25,"Norway  ",95.800000,60.86,34.940000
a,North,S24_1578,"1997 BMW R 1100 S",7003,6653,48,2003-11,48,France,98.050000,60.86,37.190000
a,North,S24_1785,"1928 British Royal Navy Airplane",3627,3446,47,2003-11,47,"New Zealand",105.040000,66.74,38.300000
a,North,S24_1785,"1928 British Royal Navy Airplane",3627,3446,46,2003-11,46,"Hong Kong",96.290000,66.74,29.550000
a,North,S24_2000,"1960 BSA Gold Star DBD34",15,14,40,2003-11,40,"Norway  ",61.700000,37.32,24.380000
a,North,S24_2000,"1960 BSA Gold Star DBD34",15,14,28,2003-11,28,France,61.700000,37.32,24.380000
a,North,S24_2360,"1982 Ducati 900 Monster",6840,6498,42,2003-11,42,Spain,58.870000,47.10,11.770000
a,North,S24_2360,"1982 Ducati 900 Monster",6840,6498,35,2003-11,35,France,60.950000,47.10,13.850000
a,North,S24_2360,"1982 Ducati 900 Monster",6840,6498,38,2003-11,38,Australia,66.490000,47.10,19.390000
a,North,S24_2841,"1900s Vintage Bi-Plane",5942,5645,48,2003-11,48,Philippines,60.970000,34.25,26.720000
a,North,S24_2841,"1900s Vintage Bi-Plane",5942,5645,22,2003-11,22,UK,60.290000,34.25,26.040000
a,North,S24_2841,"1900s Vintage Bi-Plane",5942,5645,34,2003-11,34,France,67.820000,34.25,33.570000
a,North,S24_3949,"Corsair F4U ( Bird Cage)",6812,6471,43,2003-11,43,Philippines,65.510000,29.34,36.170000
a,North,S24_3949,"Corsair F4U ( Bird Cage)",6812,6471,43,2003-11,43,"Hong Kong",55.960000,29.34,26.620000
a,North,S24_3949,"Corsair F4U ( Bird Cage)",6812,6471,30,2003-11,30,France,64.150000,29.34,34.810000
a,North,S24_4278,"1900s Vintage Tri-Plane",2756,2618,33,2003-11,33,"Hong Kong",64.480000,36.23,28.250000
a,North,S24_4278,"1900s Vintage Tri-Plane",2756,2618,27,2003-11,27,"New Zealand",66.650000,36.23,30.420000
a,North,S32_1374,"1997 BMW F650 ST",178,169,45,2003-11,45,"New Zealand",86.900000,66.92,19.980000
a,North,S32_1374,"1997 BMW F650 ST",178,169,44,2003-11,44,"Norway  ",81.910000,66.92,14.990000
a,North,S32_2206,"1982 Ducati 996 R",9241,8779,46,2003-11,46,Spain,38.620000,24.14,14.480000
a,North,S32_2206,"1982 Ducati 996 R",9241,8779,34,2003-11,34,France,33.390000,24.14,9.250000
a,North,S32_2206,"1982 Ducati 996 R",9241,8779,26,2003-11,26,Australia,37.010000,24.14,12.870000
a,North,S32_4485,"1974 Ducati 350 Mk3 Desmo",3341,3174,42,2003-11,42,Spain,89.800000,56.13,33.670000
a,North,S32_4485,"1974 Ducati 350 Mk3 Desmo",3341,3174,22,2003-11,22,France,102.050000,56.13,45.920000
a,North,S32_4485,"1974 Ducati 350 Mk3 Desmo",3341,3174,34,2003-11,34,Australia,83.680000,56.13,27.550000
a,North,S50_4713,"2002 Yamaha YZR M1",600,570,40,2003-11,40,Spain,67.530000,34.17,33.360000
a,North,S50_4713,"2002 Yamaha YZR M1",600,570,21,2003-11,21,France,74.850000,34.17,40.680000
a,North,S50_4713,"2002 Yamaha YZR M1",600,570,48,2003-11,48,Australia,75.660000,34.17,41.490000
a,North,S700_1691,"American Airlines: B767-300",5841,5549,34,2003-11,34,"Hong Kong",84.950000,51.15,33.800000
a,North,S700_1691,"American Airlines: B767-300",5841,5549,23,2003-11,23,"New Zealand",75.810000,51.15,24.660000
a,North,S700_2466,"America West Airlines B757-200",9653,9170,22,2003-11,22,France,91.740000,68.80,22.940000
a,North,S700_2466,"America West Airlines B757-200",9653,9170,44,2003-11,44,"Hong Kong",95.730000,68.80,26.930000
a,North,S700_2466,"America West Airlines B757-200",9653,9170,42,2003-11,42,Philippines,94.730000,68.80,25.930000
a,North,S700_2834,"ATA: B757-300",7106,6751,25,2003-11,25,"New Zealand",98.480000,59.33,39.150000
a,North,S700_2834,"ATA: B757-300",7106,6751,29,2003-11,29,"Norway  ",96.110000,59.33,36.780000
a,North,S700_3167,"F/A 18 Hornet 1/72",551,523,34,2003-11,34,"Hong Kong",72.000000,54.40,17.600000
a,North,S700_3167,"F/A 18 Hornet 1/72",551,523,39,2003-11,39,"New Zealand",80.000000,54.40,25.600000
a,North,S700_4002,"American Airlines: MD-11S",8820,8379,44,2003-11,44,"Hong Kong",70.330000,36.27,34.060000
a,North,S700_4002,"American Airlines: MD-11S",8820,8379,45,2003-11,45,France,68.110000,36.27,31.840000
a,North,S700_4002,"American Airlines: MD-11S",8820,8379,40,2003-11,40,Philippines,74.030000,36.27,37.760000
a,North,S72_1253,"Boeing X-32A JSF",4857,4614,29,2003-11,29,Spain,39.730000,32.77,6.960000
a,North,S72_1253,"Boeing X-32A JSF",4857,4614,45,2003-11,45,France,41.710000,32.77,8.940000
a,North,S72_1253,"Boeing X-32A JSF",4857,4614,28,2003-11,28,UK,42.710000,32.77,9.940000
b,East,S10_1949,"1952 Alpine Renault 1300",7305,6940,42,2003-11,42,France,203.590000,98.58,105.010000
b,East,S10_1949,"1952 Alpine Renault 1300",7305,6940,23,2003-11,23,USA,180.010000,98.58,81.430000
b,East,S10_1949,"1952 Alpine Renault 1300",7305,6940,34,2003-11,34,Australia,207.870000,98.58,109.290000
b,East,S10_4757,"1972 Alfa Romeo GTA",3252,3089,24,2003-11,24,France,131.920000,85.68,46.240000
b,East,S10_4757,"1972 Alfa Romeo GTA",3252,3089,26,2003-11,26,UK,108.800000,85.68,23.120000
b,East,S10_4757,"1972 Alfa Romeo GTA",3252,3089,45,2003-11,45,Spain,118.320000,85.68,32.640000
b,East,S10_4962,"1962 LanciaA Delta 16V",6791,6451,26,2003-11,26,France,134.440000,103.42,31.020000
b,East,S10_4962,"1962 LanciaA Delta 16V",6791,6451,28,2003-11,28,USA,127.060000,103.42,23.640000
b,East,S10_4962,"1962 LanciaA Delta 16V",6791,6451,33,2003-11,33,UK,119.670000,103.42,16.250000
b,East,S12_1099,"1968 Ford Mustang",68,65,27,2003-11,27,"Norway  ",155.660000,95.34,60.320000
b,East,S12_1099,"1968 Ford Mustang",68,65,21,2003-11,21,Germany,155.660000,95.34,60.320000
b,East,S12_1099,"1968 Ford Mustang",68,65,30,2003-11,30,Australia,163.440000,95.34,68.100000
b,East,S12_1108,"2001 Ferrari Enzo",3619,3438,68,2003-11,68,USA,199.485000,95.59,103.895000
b,East,S12_1108,"2001 Ferrari Enzo",3619,3438,33,2003-11,33,Italy,166.240000,95.59,70.650000
b,East,S12_3148,"1969 Corvair Monza",6906,6561,47,2003-11,47,Italy,145.040000,89.14,55.900000
b,East,S12_3148,"1969 Corvair Monza",6906,6561,57,2003-11,57,USA,148.815000,89.14,59.675000
b,East,S12_3380,"1968 Dodge Charger",9123,8667,47,2003-11,47,Austria,116.270000,75.16,41.110000
b,East,S12_3380,"1968 Dodge Charger",9123,8667,28,2003-11,28,"Norway  ",113.920000,75.16,38.760000
b,East,S12_3380,"1968 Dodge Charger",9123,8667,40,2003-11,40,Germany,104.520000,75.16,29.360000
b,East,S12_3891,"1969 Ford Falcon",1049,997,50,2003-11,50,Italy,160.910000,83.05,77.860000
b,East,S12_3891,"1969 Ford Falcon",1049,997,81,2003-11,81,USA,147.070000,83.05,64.020000
b,East,S12_3990,"1970 Plymouth Hemi Cuda",5663,5380,36,2003-11,36,Australia,71.820000,31.92,39.900000
b,East,S12_3990,"1970 Plymouth Hemi Cuda",5663,5380,20,2003-11,20,"Norway  ",67.030000,31.92,35.110000
b,East,S12_3990,"1970 Plymouth Hemi Cuda",5663,5380,30,2003-11,30,Germany,70.220000,31.92,38.300000
b,East,S12_4675,"1969 Dodge Charger",7323,6957,27,2003-11,27,USA,99.040000,58.73,40.310000
b,East,S12_4675,"1969 Dodge Charger",7323,6957,36,2003-11,36,"Norway  ",107.100000,58.73,48.370000
b,East,S12_4675,"1969 Dodge Charger",7323,6957,41,2003-11,41,Austria,93.280000,58.73,34.550000
b,East,S18_1129,"1993 Mazda RX-7",3975,3776,35,2003-11,35,Canada,134.460000,83.51,50.950000
b,East,S18_1129,"1993 Mazda RX-7",3975,3776,44,2003-11,44,"Norway  ",124.560000,83.51,41.050000
b,East,S18_1129,"1993 Mazda RX-7",3975,3776,22,2003-11,22,USA,140.120000,83.51,56.610000
b,East,S18_1589,"1965 Aston Martin DB5",9042,8590,42,2003-11,42,"Norway  ",124.440000,65.96,58.480000
b,East,S18_1589,"1965 Aston Martin DB5",9042,8590,71,2003-11,71,USA,105.155000,65.96,39.195000
b,East,S18_1889,"1948 Porsche 356-A Roadster",8826,8385,20,2003-11,20,Austria,70.070000,53.90,16.170000
b,East,S18_1889,"1948 Porsche 356-A Roadster",8826,8385,22,2003-11,22,"Norway  ",74.690000,53.90,20.790000
b,East,S18_1889,"1948 Porsche 356-A Roadster",8826,8385,45,2003-11,45,USA,70.840000,53.90,16.940000
b,East,S18_1984,"1995 Honda Civic",9772,9283,47,2003-11,47,USA,128.030000,93.89,34.140000
b,East,S18_1984,"1995 Honda Civic",9772,9283,35,2003-11,35,Canada,128.030000,93.89,34.140000
b,East,S18_1984,"1995 Honda Civic",9772,9283,21,2003-11,21,"Norway  ",129.450000,93.89,35.560000
b,East,S18_2238,"1998 Chrysler Plymouth Prowler",4724,4488,20,2003-11,20,Italy,139.170000,101.51,37.660000
b,East,S18_2238,"1998 Chrysler Plymouth Prowler",4724,4488,27,2003-11,27,USA,139.170000,101.51,37.660000
b,East,S18_2238,"1998 Chrysler Plymouth Prowler",4724,4488,46,2003-11,46,Spain,145.720000,101.51,44.210000
b,East,S18_2870,"1999 Indy 500 Monte Carlo SS",8164,7756,77,2003-11,77,USA,114.180000,56.76,57.420000
b,East,S18_2870,"1999 Indy 500 Monte Carlo SS",8164,7756,27,2003-11,27,"Norway  ",130.680000,56.76,73.920000
b,East,S18_3232,"1992 Ferrari 360 Spider red",8347,7930,28,2003-11,28,Spain,165.950000,77.90,88.050000
b,East,S18_3232,"1992 Ferrari 360 Spider red",8347,7930,76,2003-11,76,USA,143.940000,77.90,66.040000
b,East,S18_3232,"1992 Ferrari 360 Spider red",8347,7930,45,2003-11,45,"Norway  ",147.330000,77.90,69.430000
b,East,S18_3232,"1992 Ferrari 360 Spider red",8347,7930,29,2003-11,29,UK,150.710000,77.90,72.810000
b,East,S18_3232,"1992 Ferrari 360 Spider red",8347,7930,39,2003-11,39,Canada,165.950000,77.90,88.050000
b,East,S18_3278,"1969 Dodge Super Bee",1917,1821,30,2003-11,30,"Norway  ",73.170000,49.05,24.120000
b,East,S18_3278,"1969 Dodge Super Bee",1917,1821,36,2003-11,36,Germany,75.590000,49.05,26.540000
b,East,S18_3278,"1969 Dodge Super Bee",1917,1821,32,2003-11,32,Australia,65.130000,49.05,16.080000
b,East,S18_3482,"1976 Ford Gran Torino",9127,8671,36,2003-11,36,Australia,136.700000,73.49,63.210000
b,East,S18_3482,"1976 Ford Gran Torino",9127,8671,22,2003-11,22,"Norway  ",120.530000,73.49,47.040000
b,East,S18_3482,"1976 Ford Gran Torino",9127,8671,23,2003-11,23,Germany,119.060000,73.49,45.570000
b,East,S18_3685,"1948 Porsche Type 356 Roadster",8990,8541,39,2003-11,39,"Norway  ",137.040000,62.16,74.880000
b,East,S18_3685,"1948 Porsche Type 356 Roadster",8990,8541,93,2003-11,93,USA,132.805000,62.16,70.645000
b,East,S18_4027,"1970 Triumph Spitfire",5545,5268,66,2003-11,66,USA,127.105000,91.92,35.185000
b,East,S18_4027,"1970 Triumph Spitfire",5545,5268,36,2003-11,36,Italy,140.750000,91.92,48.830000
b,East,S18_4721,"1957 Corvette Convertible",1249,1187,32,2003-11,32,Germany,136.900000,69.93,66.970000
b,East,S18_4721,"1957 Corvette Convertible",1249,1187,33,2003-11,33,Australia,120.530000,69.93,50.600000
b,East,S18_4721,"1957 Corvette Convertible",1249,1187,44,2003-11,44,France,147.310000,69.93,77.380000
b,East,S18_4933,"1957 Ford Thunderbird",3209,3049,25,2003-11,25,Australia,66.280000,34.21,32.070000
b,East,S18_4933,"1957 Ford Thunderbird",3209,3049,44,2003-11,44,USA,61.290000,34.21,27.080000
b,East,S18_4933,"1957 Ford Thunderbird",3209,3049,39,2003-11,39,Italy,58.440000,34.21,24.230000
b,East,S24_1046,"1970 Chevy Chevelle SS 454",1005,955,116,2003-11,116,USA,65.406667,49.24,16.166667
b,East,S24_1444,"1970 Dodge Coronet",4074,3870,27,2003-11,27,Italy,55.490000,32.37,23.120000
b,East,S24_1444,"1970 Dodge Coronet",4074,3870,31,2003-11,31,Spain,57.220000,32.37,24.850000
b,East,S24_1444,"1970 Dodge Coronet",4074,3870,44,2003-11,44,USA,54.330000,32.37,21.960000
b,East,S24_1628,"1966 Shelby Cobra 427 S/C",8197,7787,34,2003-11,34,"Norway  ",45.280000,29.18,16.100000
b,East,S24_1628,"1966 Shelby Cobra 427 S/C",8197,7787,81,2003-11,81,USA,46.285000,29.18,17.105000
b,East,S24_2766,"1949 Jaguar XK 120",2350,2233,104,2003-11,104,USA,84.513333,47.25,37.263333
b,East,S24_2840,"1958 Chevy Corvette Limited Edition",2542,2415,37,2003-11,37,UK,32.180000,15.91,16.270000
b,East,S24_2840,"1958 Chevy Corvette Limited Edition",2542,2415,32,2003-11,32,USA,31.820000,15.91,15.910000
b,East,S24_2840,"1958 Chevy Corvette Limited Edition",2542,2415,42,2003-11,42,Spain,30.060000,15.91,14.150000
b,East,S24_2887,"1952 Citroen-15CV",1452,1379,23,2003-11,23,Italy,98.650000,72.82,25.830000
b,East,S24_2887,"1952 Citroen-15CV",1452,1379,43,2003-11,43,USA,114.505000,72.82,41.685000
b,East,S24_2972,"1982 Lamborghini Diablo",7723,7337,36,2003-11,36,Canada,34.740000,16.24,18.500000
b,East,S24_2972,"1982 Lamborghini Diablo",7723,7337,37,2003-11,37,"Norway  ",32.850000,16.24,16.610000
b,East,S24_2972,"1982 Lamborghini Diablo",7723,7337,30,2003-11,30,USA,33.230000,16.24,16.990000
b,East,S24_3191,"1969 Chevrolet Camaro Z28",4695,4460,89,2003-11,89,USA,73.623333,50.51,23.113333
b,East,S24_3371,"1971 Alpine Renault 1600s",7995,7595,34,2003-11,34,Australia,53.270000,38.58,14.690000
b,East,S24_3371,"1971 Alpine Renault 1600s",7995,7595,23,2003-11,23,"Norway  ",54.490000,38.58,15.910000
b,East,S24_3371,"1971 Alpine Renault 1600s",7995,7595,48,2003-11,48,Germany,53.270000,38.58,14.690000
b,East,S24_3432,"2002 Chevy Corvette",9446,8974,117,2003-11,117,USA,92.090000,62.11,29.980000
b,East,S24_3856,"1956 Porsche 356A Coupe",6600,6270,45,2003-11,45,USA,112.340000,98.30,14.040000
b,East,S24_3856,"1956 Porsche 356A Coupe",6600,6270,25,2003-11,25,"Norway  ",122.170000,98.30,23.870000
b,East,S24_3856,"1956 Porsche 356A Coupe",6600,6270,34,2003-11,34,Austria,130.600000,98.30,32.300000
b,East,S24_4048,"1992 Porsche Cayenne Turbo Silver",6582,6253,34,2003-11,34,USA,95.810000,69.78,26.030000
b,East,S24_4048,"1992 Porsche Cayenne Turbo Silver",6582,6253,49,2003-11,49,Spain,114.730000,69.78,44.950000
b,East,S24_4048,"1992 Porsche Cayenne Turbo Silver",6582,6253,29,2003-11,29,Italy,101.720000,69.78,31.940000
b,East,S24_4620,"1961 Chevrolet Impala",7869,7476,24,2003-11,24,Australia,77.610000,32.33,45.280000
b,East,S24_4620,"1961 Chevrolet Impala",7869,7476,44,2003-11,44,Germany,77.610000,32.33,45.280000
b,East,S24_4620,"1961 Chevrolet Impala",7869,7476,28,2003-11,28,France,68.710000,32.33,36.380000
b,East,S700_2824,"1982 Camaro Z28",6934,6587,42,2003-11,42,UK,80.920000,46.53,34.390000
b,East,S700_2824,"1982 Camaro Z28",6934,6587,23,2003-11,23,USA,85.980000,46.53,39.450000
b,East,S700_2824,"1982 Camaro Z28",6934,6587,26,2003-11,26,France,80.920000,46.53,34.390000
c,West,S18_1342,"1937 Lincoln Berline",8693,8258,28,2003-11,28,Australia,92.470000,60.62,31.850000
c,West,S18_1342,"1937 Lincoln Berline",8693,8258,25,2003-11,25,USA,83.220000,60.62,22.600000
c,West,S18_1342,"1937 Lincoln Berline",8693,8258,43,2003-11,43,Italy,101.710000,60.62,41.090000
c,West,S18_1367,"1936 Mercedes-Benz 500K Special Roadster",8635,8203,48,2003-11,48,Italy,51.750000,24.26,27.490000
c,West,S18_1367,"1936 Mercedes-Benz 500K Special Roadster",8635,8203,32,2003-11,32,USA,44.210000,24.26,19.950000
c,West,S18_1367,"1936 Mercedes-Benz 500K Special Roadster",8635,8203,46,2003-11,46,Australia,46.360000,24.26,22.100000
c,West,S18_1749,"1917 Grand Touring Sedan",2724,2588,24,2003-11,24,Italy,168.300000,86.70,81.600000
c,West,S18_1749,"1917 Grand Touring Sedan",2724,2588,44,2003-11,44,USA,159.800000,86.70,73.100000
c,West,S18_1749,"1917 Grand Touring Sedan",2724,2588,21,2003-11,21,Australia,153.000000,86.70,66.300000
c,West,S18_2248,"1911 Ford Town Car",540,513,26,2003-11,26,Italy,55.090000,33.30,21.790000
c,West,S18_2248,"1911 Ford Town Car",540,513,38,2003-11,38,USA,54.490000,33.30,21.190000
c,West,S18_2248,"1911 Ford Town Car",540,513,42,2003-11,42,Australia,60.540000,33.30,27.240000
c,West,S18_2325,"1932 Model A Ford J-Coupe",9354,8886,44,2003-11,44,Australia,115.690000,58.48,57.210000
c,West,S18_2325,"1932 Model A Ford J-Coupe",9354,8886,20,2003-11,20,USA,105.520000,58.48,47.040000
c,West,S18_2325,"1932 Model A Ford J-Coupe",9354,8886,31,2003-11,31,Italy,127.130000,58.48,68.650000
c,West,S18_2795,"1928 Mercedes-Benz SSK",548,521,22,2003-11,22,Italy,140.060000,72.56,67.500000
c,West,S18_2795,"1928 Mercedes-Benz SSK",548,521,22,2003-11,22,Australia,143.440000,72.56,70.880000
c,West,S18_2795,"1928 Mercedes-Benz SSK",548,521,21,2003-11,21,USA,135.000000,72.56,62.440000
c,West,S18_2949,"1913 Ford Model T Speedster",4189,3980,37,2003-11,37,USA,91.180000,60.78,30.400000
c,West,S18_2949,"1913 Ford Model T Speedster",4189,3980,74,2003-11,74,Australia,93.715000,60.78,32.935000
c,West,S18_2957,"1934 Ford V8 Coupe",5649,5367,24,2003-11,24,Australia,53.090000,34.35,18.740000
c,West,S18_2957,"1934 Ford V8 Coupe",5649,5367,39,2003-11,39,USA,51.220000,34.35,16.870000
c,West,S18_2957,"1934 Ford V8 Coupe",5649,5367,28,2003-11,28,Italy,56.840000,34.35,22.490000
c,West,S18_3136,"18th Century Vintage Horse Carriage",5992,5692,31,2003-11,31,Italy,86.920000,60.74,26.180000
c,West,S18_3136,"18th Century Vintage Horse Carriage",5992,5692,22,2003-11,22,USA,90.060000,60.74,29.320000
c,West,S18_3136,"18th Century Vintage Horse Carriage",5992,5692,23,2003-11,23,Australia,97.390000,60.74,36.650000
c,West,S18_3140,"1903 Ford Model A",3913,3717,77,2003-11,77,USA,125.665000,68.30,57.365000
c,West,S18_3140,"1903 Ford Model A",3913,3717,23,2003-11,23,Spain,113.370000,68.30,45.070000
c,West,S18_3320,"1917 Maxwell Touring Car",7913,7517,32,2003-11,32,Australia,79.370000,57.54,21.830000
c,West,S18_3320,"1917 Maxwell Touring Car",7913,7517,33,2003-11,33,USA,86.310000,57.54,28.770000
c,West,S18_3320,"1917 Maxwell Touring Car",7913,7517,29,2003-11,29,Italy,90.280000,57.54,32.740000
c,West,S18_3856,"1941 Chevrolet Special Deluxe Cabriolet",2378,2259,46,2003-11,46,UK,98.460000,64.58,33.880000
c,West,S18_3856,"1941 Chevrolet Special Deluxe Cabriolet",2378,2259,22,2003-11,22,Spain,85.750000,64.58,21.170000
c,West,S18_3856,"1941 Chevrolet Special Deluxe Cabriolet",2378,2259,48,2003-11,48,France,104.810000,64.58,40.230000
c,West,S18_4409,"1932 Alfa Romeo 8C2300 Spider Sport",6553,6225,21,2003-11,21,Italy,77.310000,43.26,34.050000
c,West,S18_4409,"1932 Alfa Romeo 8C2300 Spider Sport",6553,6225,36,2003-11,36,USA,88.350000,43.26,45.090000
c,West,S18_4409,"1932 Alfa Romeo 8C2300 Spider Sport",6553,6225,24,2003-11,24,Australia,92.030000,43.26,48.770000
c,West,S18_4522,"1904 Buick Runabout",8290,7876,47,2003-11,47,USA,87.770000,52.66,35.110000
c,West,S18_4522,"1904 Buick Runabout",8290,7876,85,2003-11,85,Spain,80.745000,52.66,28.085000
c,West,S18_4668,"1939 Cadillac Limousine",6645,6313,41,2003-11,41,France,47.790000,23.14,24.650000
c,West,S18_4668,"1939 Cadillac Limousine",6645,6313,49,2003-11,49,Australia,44.270000,23.14,21.130000
c,West,S18_4668,"1939 Cadillac Limousine",6645,6313,40,2003-11,40,USA,42.260000,23.14,19.120000
c,West,S24_1937,"1939 Chevrolet Deluxe Coupe",7332,6965,39,2003-11,39,USA,31.860000,22.57,9.290000
c,West,S24_1937,"1939 Chevrolet Deluxe Coupe",7332,6965,26,2003-11,26,Australia,32.190000,22.57,9.620000
c,West,S24_1937,"1939 Chevrolet Deluxe Coupe",7332,6965,31,2003-11,31,Italy,29.870000,22.57,7.300000
c,West,S24_2022,"1938 Cadillac V-16 Presidential Limousine",2847,2705,31,2003-11,31,USA,39.870000,20.61,19.260000
c,West,S24_2022,"1938 Cadillac V-16 Presidential Limousine",2847,2705,27,2003-11,27,Italy,39.420000,20.61,18.810000
c,West,S24_2022,"1938 Cadillac V-16 Presidential Limousine",2847,2705,20,2003-11,20,Australia,44.800000,20.61,24.190000
c,West,S24_3151,"1912 Ford Model T Delivery Wagon",9173,8714,33,2003-11,33,USA,83.200000,46.91,36.290000
c,West,S24_3151,"1912 Ford Model T Delivery Wagon",9173,8714,92,2003-11,92,Spain,81.430000,46.91,34.520000
c,West,S24_3420,"1937 Horch 930V Limousine",2902,2757,27,2003-11,27,France,65.750000,26.30,39.450000
c,West,S24_3420,"1937 Horch 930V Limousine",2902,2757,21,2003-11,21,UK,59.830000,26.30,33.530000
c,West,S24_3420,"1937 Horch 930V Limousine",2902,2757,27,2003-11,27,Philippines,61.810000,26.30,35.510000
c,West,S24_3816,"1940 Ford Delivery Sedan",6621,6290,21,2003-11,21,France,68.770000,48.64,20.130000
c,West,S24_3816,"1940 Ford Delivery Sedan",6621,6290,36,2003-11,36,UK,68.770000,48.64,20.130000
c,West,S24_3816,"1940 Ford Delivery Sedan",6621,6290,22,2003-11,22,Spain,67.930000,48.64,19.290000
c,West,S24_3969,"1936 Mercedes Benz 500k Roadster",2081,1977,22,2003-11,22,Australia,38.160000,21.75,16.410000
c,West,S24_3969,"1936 Mercedes Benz 500k Roadster",2081,1977,35,2003-11,35,Italy,35.700000,21.75,13.950000
c,West,S24_3969,"1936 Mercedes Benz 500k Roadster",2081,1977,23,2003-11,23,USA,34.880000,21.75,13.130000
c,West,S24_4258,"1936 Chrysler Airflow",4710,4475,20,2003-11,20,Australia,92.520000,57.46,35.060000
c,West,S24_4258,"1936 Chrysler Airflow",4710,4475,47,2003-11,47,USA,81.810000,57.46,24.350000
c,West,S24_4258,"1936 Chrysler Airflow",4710,4475,22,2003-11,22,Italy,93.490000,57.46,36.030000
c,West,S32_4289,"1928 Ford Phaeton Deluxe",136,129,31,2003-11,31,"Hong Kong",61.220000,33.02,28.200000
c,West,S32_4289,"1928 Ford Phaeton Deluxe",136,129,24,2003-11,24,"New Zealand",63.970000,33.02,30.950000
c,West,S50_1341,"1930 Buick Marquette Phaeton",7062,6709,41,2003-11,41,"Hong Kong",39.710000,27.06,12.650000
c,West,S50_1341,"1930 Buick Marquette Phaeton",7062,6709,34,2003-11,34,"New Zealand",43.200000,27.06,16.140000
d,South,S12_1666,"1958 Setra Bus",1579,1500,43,2003-11,43,Australia,113.440000,77.90,35.540000
d,South,S12_1666,"1958 Setra Bus",1579,1500,41,2003-11,41,USA,114.800000,77.90,36.900000
d,South,S12_1666,"1958 Setra Bus",1579,1500,38,2003-11,38,France,124.370000,77.90,46.470000
d,South,S12_4473,"1957 Chevy Pickup",6125,5819,49,2003-11,49,USA,118.500000,55.70,62.800000
d,South,S12_4473,"1957 Chevy Pickup",6125,5819,37,2003-11,37,Spain,105.470000,55.70,49.770000
d,South,S12_4473,"1957 Chevy Pickup",6125,5819,26,2003-11,26,UK,109.020000,55.70,53.320000
d,South,S18_1097,"1940 Ford Pickup Truck",2613,2482,48,2003-11,48,Australia,108.500000,58.33,50.170000
d,South,S18_1097,"1940 Ford Pickup Truck",2613,2482,21,2003-11,21,France,103.840000,58.33,45.510000
d,South,S18_1097,"1940 Ford Pickup Truck",2613,2482,21,2003-11,21,USA,108.500000,58.33,50.170000
d,South,S18_2319,"1964 Mercedes Tour Bus",8258,7845,46,2003-11,46,Spain,119.050000,74.86,44.190000
d,South,S18_2319,"1964 Mercedes Tour Bus",8258,7845,35,2003-11,35,USA,112.910000,74.86,38.050000
d,South,S18_2319,"1964 Mercedes Tour Bus",8258,7845,48,2003-11,48,UK,101.870000,74.86,27.010000
d,South,S18_2432,"1926 Ford Fire Engine",2018,1917,41,2003-11,41,UK,59.550000,24.92,34.630000
d,South,S18_2432,"1926 Ford Fire Engine",2018,1917,44,2003-11,44,Spain,60.770000,24.92,35.850000
d,South,S18_2432,"1926 Ford Fire Engine",2018,1917,45,2003-11,45,France,51.050000,24.92,26.130000
d,South,S18_3029,"1999 Yamaha Speed Boat",4259,4046,41,2003-11,41,France,70.540000,51.61,18.930000
d,South,S18_3029,"1999 Yamaha Speed Boat",4259,4046,46,2003-11,46,Spain,83.440000,51.61,31.830000
d,South,S18_3029,"1999 Yamaha Speed Boat",4259,4046,32,2003-11,32,UK,73.120000,51.61,21.510000
d,South,S18_3259,"Collectable Wooden Train",6450,6128,84,2003-11,84,USA,88.235000,67.56,20.675000
d,South,S18_3259,"Collectable Wooden Train",6450,6128,29,2003-11,29,Spain,92.770000,67.56,25.210000
d,South,S18_4600,"1940s Ford truck",3128,2972,32,2003-11,32,France,113.820000,84.76,29.060000
d,South,S18_4600,"1940s Ford truck",3128,2972,47,2003-11,47,UK,102.920000,84.76,18.160000
d,South,S18_4600,"1940s Ford truck",3128,2972,21,2003-11,21,USA,118.660000,84.76,33.900000
d,South,S24_2011,"18th century schooner",1898,1803,91,2003-11,91,Spain,112.445000,82.34,30.105000
d,South,S24_2011,"18th century schooner",1898,1803,30,2003-11,30,USA,105.690000,82.34,23.350000
d,South,S24_2300,"1962 Volkswagen Microbus",2327,2211,49,2003-11,49,France,112.460000,61.34,51.120000
d,South,S24_2300,"1962 Volkswagen Microbus",2327,2211,24,2003-11,24,Spain,117.570000,61.34,56.230000
d,South,S24_2300,"1962 Volkswagen Microbus",2327,2211,28,2003-11,28,UK,121.400000,61.34,60.060000
d,South,S32_1268,"1980’s GM Manhattan Express",5099,4844,22,2003-11,22,UK,89.570000,53.93,35.640000
d,South,S32_1268,"1980’s GM Manhattan Express",5099,4844,46,2003-11,46,Spain,84.750000,53.93,30.820000
d,South,S32_1268,"1980’s GM Manhattan Express",5099,4844,37,2003-11,37,France,77.050000,53.93,23.120000
d,South,S32_2509,"1954 Greyhound Scenicruiser",2874,2730,50,2003-11,50,UK,50.860000,25.98,24.880000
d,South,S32_2509,"1954 Greyhound Scenicruiser",2874,2730,33,2003-11,33,Spain,52.490000,25.98,26.510000
d,South,S32_2509,"1954 Greyhound Scenicruiser",2874,2730,32,2003-11,32,USA,51.950000,25.98,25.970000
d,South,S32_3207,"1950's Chicago Surface Lines Streetcar",8601,8171,48,2003-11,48,Spain,59.030000,26.72,32.310000
d,South,S32_3207,"1950's Chicago Surface Lines Streetcar",8601,8171,33,2003-11,33,USA,59.030000,26.72,32.310000
d,South,S32_3207,"1950's Chicago Surface Lines Streetcar",8601,8171,22,2003-11,22,Italy,62.140000,26.72,35.420000
d,South,S32_3522,"1996 Peterbilt 379 Stake Bed with Outrigger",814,773,49,2003-11,49,USA,52.360000,33.61,18.750000
d,South,S32_3522,"1996 Peterbilt 379 Stake Bed with Outrigger",814,773,29,2003-11,29,UK,56.240000,33.61,22.630000
d,South,S32_3522,"1996 Peterbilt 379 Stake Bed with Outrigger",814,773,39,2003-11,39,France,61.410000,33.61,27.800000
d,South,S50_1392,"Diamond T620 Semi-Skirted Tanker",1016,965,49,2003-11,49,USA,97.230000,68.29,28.940000
d,South,S50_1392,"Diamond T620 Semi-Skirted Tanker",1016,965,45,2003-11,45,Spain,92.600000,68.29,24.310000
d,South,S50_1392,"Diamond T620 Semi-Skirted Tanker",1016,965,23,2003-11,23,Italy,109.960000,68.29,41.670000
d,South,S50_1514,"1962 City of Detroit Streetcar",1645,1563,38,2003-11,38,Italy,52.140000,37.49,14.650000
d,South,S50_1514,"1962 City of Detroit Streetcar",1645,1563,66,2003-11,66,USA,51.840000,37.49,14.350000
d,South,S700_1138,"The Schooner Bluenose",1897,1802,47,2003-11,47,Spain,59.335000,34.00,25.335000
d,South,S700_1138,"The Schooner Bluenose",1897,1802,21,2003-11,21,USA,64.670000,34.00,30.670000
d,South,S700_1938,"The Mayflower",737,700,80,2003-11,80,USA,82.280000,43.30,38.980000
d,South,S700_1938,"The Mayflower",737,700,31,2003-11,31,Spain,77.950000,43.30,34.650000
d,South,S700_2047,"HMS Bounty",3501,3326,34,2003-11,34,France,86.900000,39.83,47.070000
d,South,S700_2047,"HMS Bounty",3501,3326,24,2003-11,24,UK,80.560000,39.83,40.730000
d,South,S700_2047,"HMS Bounty",3501,3326,24,2003-11,24,Spain,78.750000,39.83,38.920000
d,South,S700_2610,"The USS Constitution Ship",7083,6729,82,2003-11,82,Spain,65.415000,33.97,31.445000
d,South,S700_2610,"The USS Constitution Ship",7083,6729,39,2003-11,39,USA,61.440000,33.97,27.470000
d,South,S700_3505,"The Titanic",1956,1858,37,2003-11,37,USA,99.170000,51.09,48.080000
d,South,S700_3505,"The Titanic",1956,1858,71,2003-11,71,Spain,94.160000,51.09,43.070000
d,South,S700_3962,"The Queen Mary",5088,4834,59,2003-11,59,Spain,85.905000,53.63,32.275000
d,South,S700_3962,"The Queen Mary",5088,4834,22,2003-11,22,USA,93.350000,53.63,39.720000
d,South,S72_3212,"Pont Yacht",414,393,82,2003-11,82,Spain,50.775000,33.30,17.475000
d,South,S72_3212,"Pont Yacht",414,393,28,2003-11,28,USA,47.500000,33.30,14.200000
a,North,S10_1678,"1969 Harley Davidson Ultimate Chopper",7933,7536,22,2003-12,22,USA,82.300000,48.81,33.490000
a,North,S10_2016,"1996 Moto Guzzi 1100i",6625,6294,24,2003-12,24,USA,116.560000,68.99,47.570000
a,North,S10_4698,"2003 Harley-Davidson Eagle Drag Bike",5582,5303,49,2003-12,49,USA,191.720000,91.02,100.700000
a,North,S12_2823,"2002 Suzuki XREO",9997,9497,25,2003-12,25,USA,126.520000,66.27,60.250000
a,North,S18_2581,"P-51-D Mustang",992,942,28,2003-12,28,"Hong Kong",74.340000,49.00,25.340000
a,North,S18_2625,"1936 Harley Davidson El Knucklehead",4357,4139,30,2003-12,30,USA,48.460000,24.23,24.230000
a,North,S18_3782,"1957 Vespa GS150",7689,7305,30,2003-12,30,"New Zealand",55.330000,32.95,22.380000
a,North,S24_1578,"1997 BMW R 1100 S",7003,6653,39,2003-12,39,USA,93.540000,60.86,32.680000
a,North,S24_1785,"1928 British Royal Navy Airplane",3627,3446,33,2003-12,33,"Hong Kong",99.570000,66.74,32.830000
a,North,S24_2000,"1960 BSA Gold Star DBD34",15,14,25,2003-12,25,USA,66.270000,37.32,28.950000
a,North,S24_2360,"1982 Ducati 900 Monster",6840,6498,50,2003-12,50,"New Zealand",56.100000,47.10,9.000000
a,North,S24_4278,"1900s Vintage Tri-Plane",2756,2618,39,2003-12,39,"Hong Kong",70.280000,36.23,34.050000
a,North,S32_1374,"1997 BMW F650 ST",178,169,35,2003-12,35,"Hong Kong",80.910000,66.92,13.990000
a,North,S32_2206,"1982 Ducati 996 R",9241,8779,27,2003-12,27,"New Zealand",33.390000,24.14,9.250000
a,North,S32_4485,"1974 Ducati 350 Mk3 Desmo",3341,3174,31,2003-12,31,"New Zealand",81.640000,56.13,25.510000
a,North,S50_4713,"2002 Yamaha YZR M1",600,570,40,2003-12,40,"New Zealand",79.730000,34.17,45.560000
a,North,S700_1691,"American Airlines: B767-300",5841,5549,48,2003-12,48,USA,81.290000,51.15,30.140000
a,North,S700_2834,"ATA: B757-300",7106,6751,39,2003-12,39,"Hong Kong",115.090000,59.33,55.760000
a,North,S700_3167,"F/A 18 Hornet 1/72",551,523,38,2003-12,38,USA,70.400000,54.40,16.000000
b,East,S10_1949,"1952 Alpine Renault 1300",7305,6940,47,2003-12,47,Canada,203.590000,98.58,105.010000
b,East,S10_4962,"1962 LanciaA Delta 16V",6791,6451,31,2003-12,31,USA,125.580000,103.42,22.160000
b,East,S12_1099,"1968 Ford Mustang",68,65,20,2003-12,20,Spain,161.490000,95.34,66.150000
b,East,S12_3380,"1968 Dodge Charger",9123,8667,20,2003-12,20,Spain,111.570000,75.16,36.410000
b,East,S12_3990,"1970 Plymouth Hemi Cuda",5663,5380,44,2003-12,44,Spain,63.840000,31.92,31.920000
b,East,S12_4675,"1969 Dodge Charger",7323,6957,47,2003-12,47,Spain,115.160000,58.73,56.430000
b,East,S18_1129,"1993 Mazda RX-7",3975,3776,42,2003-12,42,USA,114.650000,83.51,31.140000
b,East,S18_1589,"1965 Aston Martin DB5",9042,8590,40,2003-12,40,USA,113.240000,65.96,47.280000
b,East,S18_1889,"1948 Porsche 356-A Roadster",8826,8385,45,2003-12,45,Spain,73.150000,53.90,19.250000
b,East,S18_1984,"1995 Honda Civic",9772,9283,38,2003-12,38,USA,133.720000,93.89,39.830000
b,East,S18_2238,"1998 Chrysler Plymouth Prowler",4724,4488,44,2003-12,44,USA,140.810000,101.51,39.300000
b,East,S18_2870,"1999 Indy 500 Monte Carlo SS",8164,7756,27,2003-12,27,USA,106.920000,56.76,50.160000
b,East,S18_3232,"1992 Ferrari 360 Spider red",8347,7930,48,2003-12,48,Spain,157.490000,77.90,79.590000
b,East,S18_3232,"1992 Ferrari 360 Spider red",8347,7930,25,2003-12,25,USA,140.550000,77.90,62.650000
b,East,S18_3278,"1969 Dodge Super Bee",1917,1821,33,2003-12,33,Spain,66.740000,49.05,17.690000
b,East,S18_3482,"1976 Ford Gran Torino",9127,8671,32,2003-12,32,Spain,127.880000,73.49,54.390000
b,East,S18_3685,"1948 Porsche Type 356 Roadster",8990,8541,35,2003-12,35,USA,132.800000,62.16,70.640000
b,East,S18_4027,"1970 Triumph Spitfire",5545,5268,40,2003-12,40,USA,143.620000,91.92,51.700000
b,East,S18_4721,"1957 Corvette Convertible",1249,1187,43,2003-12,43,"New Zealand",124.990000,69.93,55.060000
b,East,S18_4933,"1957 Ford Thunderbird",3209,3049,45,2003-12,45,USA,69.840000,34.21,35.630000
b,East,S24_1046,"1970 Chevy Chevelle SS 454",1005,955,20,2003-12,20,USA,69.820000,49.24,20.580000
b,East,S24_1444,"1970 Dodge Coronet",4074,3870,49,2003-12,49,USA,57.800000,32.37,25.430000
b,East,S24_1628,"1966 Shelby Cobra 427 S/C",8197,7787,45,2003-12,45,USA,46.790000,29.18,17.610000
b,East,S24_2766,"1949 Jaguar XK 120",2350,2233,47,2003-12,47,USA,79.060000,47.25,31.810000
b,East,S24_2840,"1958 Chevy Corvette Limited Edition",2542,2415,42,2003-12,42,USA,30.760000,15.91,14.850000
b,East,S24_2887,"1952 Citroen-15CV",1452,1379,42,2003-12,42,USA,112.740000,72.82,39.920000
b,East,S24_2972,"1982 Lamborghini Diablo",7723,7337,21,2003-12,21,Spain,33.230000,16.24,16.990000
b,East,S24_3191,"1969 Chevrolet Camaro Z28",4695,4460,40,2003-12,40,USA,84.750000,50.51,34.240000
b,East,S24_3371,"1971 Alpine Renault 1600s",7995,7595,34,2003-12,34,Spain,56.940000,38.58,18.360000
b,East,S24_3432,"2002 Chevy Corvette",9446,8974,48,2003-12,48,USA,104.940000,62.11,42.830000
b,East,S24_3856,"1956 Porsche 356A Coupe",6600,6270,47,2003-12,47,Spain,140.430000,98.30,42.130000
b,East,S24_4048,"1992 Porsche Cayenne Turbo Silver",6582,6253,28,2003-12,28,USA,108.820000,69.78,39.040000
b,East,S24_4620,"1961 Chevrolet Impala",7869,7476,50,2003-12,50,"New Zealand",75.180000,32.33,42.850000
b,East,S700_2824,"1982 Camaro Z28",6934,6587,33,2003-12,33,Canada,89.010000,46.53,42.480000
c,West,S18_1342,"1937 Lincoln Berline",8693,8258,36,2003-12,36,Spain,98.630000,60.62,38.010000
c,West,S18_1367,"1936 Mercedes-Benz 500K Special Roadster",8635,8203,48,2003-12,48,Spain,45.820000,24.26,21.560000
c,West,S18_1749,"1917 Grand Touring Sedan",2724,2588,33,2003-12,33,USA,153.000000,86.70,66.300000
c,West,S18_2248,"1911 Ford Town Car",540,513,23,2003-12,23,USA,59.330000,33.30,26.030000
c,West,S18_2325,"1932 Model A Ford J-Coupe",9354,8886,26,2003-12,26,USA,119.500000,58.48,61.020000
c,West,S18_2795,"1928 Mercedes-Benz SSK",548,521,40,2003-12,40,Spain,138.380000,72.56,65.820000
c,West,S18_2949,"1913 Ford Model T Speedster",4189,3980,37,2003-12,37,Canada,98.270000,60.78,37.490000
c,West,S18_2957,"1934 Ford V8 Coupe",5649,5367,28,2003-12,28,Canada,51.840000,34.35,17.490000
c,West,S18_3136,"18th Century Vintage Horse Carriage",5992,5692,30,2003-12,30,Canada,102.630000,60.74,41.890000
c,West,S18_3320,"1917 Maxwell Touring Car",7913,7517,28,2003-12,28,Canada,99.210000,57.54,41.670000
c,West,S18_4409,"1932 Alfa Romeo 8C2300 Spider Sport",6553,6225,29,2003-12,29,USA,83.750000,43.26,40.490000
c,West,S18_4668,"1939 Cadillac Limousine",6645,6313,21,2003-12,21,Canada,45.780000,23.14,22.640000
c,West,S24_1937,"1939 Chevrolet Deluxe Coupe",7332,6965,32,2003-12,32,Spain,27.880000,22.57,5.310000
